tmID,year,confID,playoff,winRatio,rank,confW,confL,min,attend,fgm,fga,ftm,fta,3pm,3pa,oreb,dreb,reb,asts,pf,stl,to,blk,pts,homeW,homeL,awayW,awayL,won,lost,BPassists,BPsteals,BPpoints,coachWinRatio,coachPostWinRatio
CHA,2,EA,Y,0.7142857142857143,8.0,5.0,16.0,6475.0,90963.0,0.9237770193401592,0.9860103626943005,0.8086303939962476,0.8058659217877095,0.9492753623188406,0.9125295508274232,0.9355828220858896,0.9487951807228916,0.9444444444444444,0.924496644295302,1.1963087248322148,0.8571428571428571,1.164319248826291,0.7317073170731707,0.8999588307945656,0.15625,0.34375,0.09375000000000001,0.40625,0.25,0.7500000000000001,121.0,55.0,565.0,0.391304347826087,0.0
CLE,2,EA,Y,0.7142857142857143,2.0,13.0,8.0,6500.0,137532.0,1.045219638242894,1.0380465644520158,0.9362637362637363,0.9777015437392796,1.184873949579832,1.1059782608695652,1.1949458483754514,1.011744966442953,1.0698739977090492,0.998148148148148,0.9336219336219336,0.8491803278688524,0.9746376811594203,0.9578947368421052,1.029688972667295,0.40625,0.09375000000000001,0.125,0.37500000000000006,0.53125,0.46875,61.0,29.0,373.0,1.1333333333333333,1.0
DET,2,EA,N,0.3333333333333333,5.0,10.0,11.0,6425.0,107289.0,0.9591160220994475,1.0066090493136757,1.08125,1.072085889570552,0.5588235294117647,0.7338709677419355,1.0302114803625377,1.00625,1.0144181256436664,0.9805068226120858,1.0431547619047619,0.9154929577464789,0.9760589318600368,0.5945945945945945,0.9608408903544929,0.25,0.25,0.18750000000000003,0.3125,0.4375,0.5625,39.0,20.0,440.99999999999994,0.0,0.0
HOU,2,WE,Y,0.6190476190476191,2.0,17.0,4.0,6475.0,196077.0,1.133587786259542,0.977296181630547,1.4081081081081082,1.2480314960629921,1.3870967741935485,1.174641148325359,0.9413793103448276,1.1830065359477124,1.105321507760532,1.0443974630021142,0.8549382716049383,1.2188841201716738,0.9166666666666667,1.223529411764706,1.1979670861568248,0.4375,0.0625,0.40625,0.09375000000000001,0.84375,0.15625,48.00000000000001,47.0,540.0,5.4,6.000000000000001
IND,2,EA,N,0.3333333333333333,7.0,7.0,14.0,6425.0,180270.0,0.9487485101311085,0.9839400428265525,0.8508946322067594,0.8505231689088192,1.7706422018348624,1.4553072625698324,0.8878504672897196,1.0221169036334914,0.9769392033542977,0.9488636363636364,1.0490196078431373,1.0149812734082397,1.088235294117647,1.6799999999999997,0.9663755458515284,0.15625,0.34375,0.125,0.37500000000000006,0.28125,0.71875,101.0,76.0,352.0,0.0,0.0
LAS,2,WE,Y,0.9047619047619048,1.0,17.0,4.0,6450.0,105005.0,1.1095360824742269,0.9964340295466123,1.101010101010101,1.0014450867052023,1.2295081967213115,1.0944309927360776,1.0266666666666666,1.154867256637168,1.1155419222903886,1.3168539325842696,1.0846153846153845,1.1152263374485596,0.9608247422680413,1.4857142857142858,1.1143384047948364,0.46875,0.03125,0.40625,0.09375000000000001,0.875,0.125,60.0,31.0,570.0,7.0,1.0
MIA,2,EA,Y,0.6666666666666666,6.000000000000001,9.0,12.000000000000002,6475.0,127721.0,0.9048951048951049,1.058472553699284,0.9955947136563876,1.059011164274322,0.7264957264957265,0.9841269841269841,1.3272727272727274,0.9182098765432098,1.0400866738894907,0.9975961538461539,1.0695915279878971,1.1012145748987854,0.9924242424242424,0.7457627118644068,0.9150424787606197,0.28125,0.21875,0.125,0.37500000000000006,0.40625,0.59375,66.0,35.0,396.0,0.6842105263157895,0.0
MIN,2,WE,N,0.42857142857142855,6.000000000000001,5.0,16.0,6425.0,116638.0,1.0198675496688743,1.0415244596131967,0.8735408560311284,0.8433048433048433,1.2439024390243902,1.187110187110187,0.86,0.9039881831610044,0.8904810644831116,1.048728813559322,0.9759547383309759,0.8618181818181818,0.9085923217550275,0.4846153846153846,1.0022851919561244,0.25,0.25,0.21875,0.28125,0.46875,0.53125,90.0,44.0,646.0,0.8823529411764706,0.0
NYL,2,EA,Y,0.6190476190476191,1.0,14.0,7.0,6425.0,231962.0,1.0688259109311742,0.9961580680570802,0.9816933638443935,0.9610169491525423,1.1637931034482758,0.9428571428571428,0.9,1.007727975270479,0.9720785935884177,1.0324675324675325,0.9565891472868217,1.1031390134529149,0.9895615866388309,1.0851063829787233,1.0555282555282555,0.37500000000000006,0.125,0.25,0.25,0.625,0.37500000000000006,28.0,58.99999999999999,427.0,1.6666666666666665,1.333333333333333
ORL,2,EA,N,0.42857142857142855,3.0000000000000004,13.0,8.0,6500.0,117810.0,0.9788484136310224,0.9730142566191446,1.0502645502645502,1.103030303030303,0.9477124183006536,0.9422222222222222,0.9166666666666667,0.905829596412556,0.9095378564405113,0.8824626865671642,0.9152276295133438,0.9659090909090909,0.972,1.2037037037037037,0.9888042991491267,0.34375,0.15625,0.15625,0.34375,0.5,0.5,169.0,58.0,381.0,1.0,0.5
PHO,2,WE,N,0.38095238095238093,4.0,11.0,10.0,6425.0,161075.0,1.0388098318240622,0.9846827133479212,1.2185273159144894,1.1515679442508708,0.9185185185185185,0.9471153846153846,0.8233532934131736,0.9748031496062992,0.9226006191950464,0.9567901234567902,0.9012875536480687,1.2723214285714284,0.807909604519774,1.0,1.0670789724072312,0.34375,0.15625,0.28125,0.21875,0.625,0.37500000000000006,86.0,66.0,608.0,0.0,0.0
POR,2,WE,N,0.23809523809523808,7.0,4.0,17.0,6525.0,133076.0,0.9657360406091371,0.989713048186248,0.8457538994800693,0.9099216710182768,0.9666666666666667,0.9686800894854586,1.006514657980456,0.9705882352941176,0.9821615949632738,0.9856262833675564,1.0438957475994513,0.9566787003610109,1.1167608286252355,0.7153846153846155,0.93573599652627,0.18750000000000003,0.3125,0.125,0.37500000000000006,0.3125,0.6875,68.0,38.0,538.0,0.45454545454545453,0.0
SAC,2,WE,Y,0.6190476190476191,3.0000000000000004,13.0,8.0,6400.0,126841.0,1.0801479654747226,1.0391032325338894,1.0951219512195123,1.1948529411764706,0.9861111111111112,1.0980861244019138,1.2125,1.0301109350237718,1.0914826498422714,1.1272365805168987,0.9516666666666667,1.4690265486725664,0.8740458015267175,1.353448275862069,1.0767463235294117,0.40625,0.09375000000000001,0.25,0.25,0.65625,0.34375,47.0,83.0,523.0,1.9090909090909092,0.0
SEA,2,WE,N,0.2857142857142857,8.0,4.0,17.0,6475.0,142594.0,0.8573264781491002,1.011040092969204,0.7610441767068273,0.8577981651376146,0.9316239316239316,1.089820359281437,0.8888888888888888,0.7447988904299584,0.7859266600594648,0.7707509881422924,1.0485436893203883,0.897887323943662,0.9924385633270322,0.7560975609756098,0.8392445877475817,0.125,0.37500000000000006,0.0625,0.4375,0.18750000000000003,0.8125,79.0,61.0,168.0,0.2307692307692308,0.0
UTA,2,WE,Y,0.5238095238095238,5.0,13.0,8.0,6400.0,103442.0,0.997674418604651,0.9653767820773932,1.1468926553672316,1.0957004160887656,0.5641025641025641,0.5848214285714286,1.1118210862619808,1.2240802675585285,1.1855104281009876,1.0377733598409542,0.9943019943019943,0.7109634551495017,1.2448512585812357,1.4017857142857142,1.002492729538845,0.37500000000000006,0.125,0.18750000000000003,0.3125,0.5625,0.4375,51.0,35.0,543.0,1.2857142857142858,0.0
WAS,2,EA,N,0.19047619047619047,4.0,13.0,8.0,6400.0,244134.0,0.9846153846153847,0.9669333333333333,1.0549738219895288,1.0414414414414415,0.7315436241610739,0.8438287153652394,1.0033444816053512,1.0555555555555556,1.0384193194291986,1.0155945419103314,1.0033613445378151,0.9386973180076629,1.1096491228070176,1.2352941176470589,0.9797388563710041,0.21875,0.28125,0.21875,0.28125,0.4375,0.5625,80.0,47.0,561.0,0.0,0.0
CHA,3,EA,Y,0.5714285714285714,5.90008325008424,10.249791874789398,10.750208125210602,6488.124479686973,98607.74692806831,0.9738330833470612,0.9745850610369593,0.8835164219277015,0.8760219657137629,1.1555028844787598,1.042389477846085,0.9159869196855218,1.0423406689488433,0.9949318318486576,0.9925756450076939,1.1168249249220128,0.8504310609716421,1.1097652153541435,0.8302183605143407,0.9644987918982841,0.25468359765230125,0.24531640234769872,0.15937239843486747,0.34062760156513244,0.4140559960871687,0.5859440039128312,103.67568681319497,48.700249750252716,504.6273934399219,0.7510080445402885,1.0
CLE,3,EA,N,0.3333333333333333,1.47502081252106,14.049958374957878,6.950041625042119,6460.626560939078,142698.32018398025,1.0997527686380224,1.0255941017573238,1.0401479855576792,1.0615332881895523,0.9844139822702647,0.9471085621459279,1.092603335292914,1.0656777310256056,1.0732573548477418,1.0825847648610305,0.9113104989752944,1.0263536317961712,0.9329142300741374,0.7981165705410138,1.0775231844469912,0.4226555996087169,0.07734440039128312,0.19062239843486747,0.3093776015651325,0.6132779980435844,0.3867220019564156,53.55037462537908,29.0,379.29891774890484,1.5858368412995083,0.7878889806408557
DET,3,EA,N,0.2857142857142857,6.04995837495788,8.42506243756318,12.57493756243682,6490.622398434867,108369.93214701914,0.9347673965402826,1.025144551617804,0.998574606097417,0.9973226637242381,0.85657110470957,0.9739468390558339,1.0990251444458798,0.9423943584460712,0.9875836184746543,1.0278963962528387,1.0302705962947252,0.8857191139237566,1.0049311958340337,0.6773832787593865,0.9429911398174422,0.21718880078256622,0.2828111992174337,0.15468880078256625,0.34531119921743375,0.3718776015651325,0.6281223984348675,44.724812687310454,22.47502081252106,361.7493756243682,0.45454545454545453,0.0
HOU,3,WE,Y,0.7619047619047619,3.0499583749578796,14.90008325008424,6.099916749915759,6461.875520313027,188222.2613969401,1.0684229981129143,0.9961851976525501,1.2707214388568628,1.1542770108100273,1.135525677986535,1.05878150706954,1.0623018936537174,1.106091737763092,1.0906596620094582,0.9908918010853051,0.8824314874541275,1.1103250672991511,0.9640522014872253,0.9968104587407126,1.1079922960165272,0.38828320117384935,0.11171679882615061,0.32422200195641554,0.17577799804358438,0.7125052031302649,0.287494796869735,53.2497918747894,37.55037462537908,560.4741883116786,2.4783238197284794,2.714512254107879
IND,3,EA,Y,0.5714285714285714,6.47502081252106,6.999999999999999,13.999999999999998,6451.2489593739465,158563.1605561208,0.9196484896365353,0.9710845102461383,1.005625126769546,0.9361992252880171,1.470265427431687,1.3292868449157575,0.9124142726534035,1.0017563364097821,0.9721984834496576,0.8762883257213094,1.0096495108957098,0.9784066173517276,1.0700777206047425,1.2405174230533444,0.9616186128833426,0.18906119921743375,0.31093880078256625,0.10859440039128311,0.39140559960871685,0.29765559960871685,0.7023444003912831,107.82472943722621,73.90008325008424,366.69941724941026,0.45454545454545453,0.0
LAS,3,WE,Y,0.8095238095238095,1.0,18.04995837495788,2.95004162504212,6463.124479686973,127810.62088327263,1.1443581688133462,1.010471854363917,1.08962688387678,1.0457943471959876,1.0215246388403105,0.899464440944783,1.1126632573775024,1.180737954765391,1.159766653307304,1.2071084817887892,1.0624013101849012,1.1601794460946668,0.9640075204375046,1.341246328859179,1.1209656041994862,0.4851555996087168,0.014844400391283125,0.3898444003912831,0.11015559960871686,0.8749999999999999,0.125,66.82472943722621,32.574937562436816,588.8992507492418,6.999999999999999,2.7795653560361018
MIA,3,EA,N,0.5238095238095238,4.42506243756318,11.6248959373947,9.375104062605299,6527.497918747894,135068.60870795522,1.0128105872948407,1.0585135918150081,0.9179105687334499,0.9217857432592358,0.7519594605892562,0.8595538636904503,1.1397643047077637,0.9485547852018119,1.005483657618189,1.105748215342794,1.0955084799289694,1.1311838430693117,0.9307789590460335,1.277492070076565,0.9759625725931899,0.29765559960871685,0.20234440039128312,0.22343359765230122,0.27656640234769875,0.5210891972610181,0.4789108027389819,77.54954212453667,45.4995837495788,421.1990009989891,1.0880715036721034,0.5
MIN,3,WE,N,0.2857142857142857,6.000000000000001,7.09991674991576,13.900083250084238,6451.2489593739465,118721.64239510392,0.9528905392330614,0.9878502731858324,1.0030530246786564,1.012221757794595,1.1947771747090485,1.1778607564135637,0.9014861601812625,0.9582076444764743,0.9402255492838298,0.9471228172961607,0.9710543556200609,0.8350403736312954,0.9979075992109431,0.759348082727074,0.9818492633636812,0.21718880078256622,0.2828111992174337,0.20234440039128312,0.29765559960871685,0.4195332011738494,0.5804667988261506,79.5004162504212,32.975437062942255,694.8230644355414,0.7227514166568195,0.0
NYL,3,EA,Y,0.5238095238095238,1.5249791874789398,13.475020812521057,7.524979187478939,6411.875520313027,241728.1878246707,1.095493669818009,1.018768273507271,0.8489560309514448,0.8666430422508727,1.1843798553555067,1.0088316846918783,0.8678795628713543,0.9889808098254099,0.9504207948390617,1.1655912189088848,0.9933783864713923,1.1478681818928245,0.9325944153125018,1.0818730285205664,1.0465491880091082,0.39140559960871685,0.10859440039128311,0.25,0.25,0.6414055996087169,0.35859440039128315,31.14987512487364,53.22522893773166,459.5487096236942,1.7886659660854771,1.158340270840353
ORL,3,EA,N,0.6190476190476191,4.04995837495788,10.900083250084238,10.09991674991576,6473.7510406260535,118368.57785547758,0.9652016764501994,1.0109787375934032,1.0166522232763107,1.0333223227645045,1.032007190629294,1.0852211193169423,1.0268679939961065,0.9194187471789018,0.9543363981025444,0.8635525482737021,0.997354868128083,1.0225629614309562,0.973238412442258,1.1474193853580084,0.979206232129914,0.32734440039128304,0.17265559960871688,0.12343880078256625,0.3765611992174337,0.45078320117384935,0.5492167988261505,63.22522893773166,59.07452131201561,431.5749375624368,0.0,0.0
PHO,3,WE,N,0.3333333333333333,4.524979187478939,9.425062437563179,11.574937562436821,6438.124479686974,148425.10149850746,1.0063977385161442,0.9932789163358869,1.066306509772394,1.074694738924779,0.823343865065321,0.8701514010880459,0.8640641733830164,0.9459122975859344,0.9179154022660154,0.9694557225515604,0.9722630030545588,1.1460537974588056,0.9107839315244659,1.0454706382855774,1.0064499777383908,0.32734440039128304,0.17265559960871688,0.18281640234769875,0.3171835976523012,0.5101608027389819,0.4898391972610181,39.7502081252106,26.2497918747894,385.97460456209984,0.6842105263157896,0.0
POR,3,WE,N,0.38095238095238093,6.999999999999999,4.524979187478939,16.47502081252106,6525.0,135480.40467865355,0.945229857024858,0.9808007796056838,0.9142032736464868,0.9219989003041945,1.027088799565186,1.1246900283061358,0.9372808807464312,0.939929709774474,0.9393132664333642,0.9407790529633809,1.012686865114255,0.8916263268259914,1.0842601504235427,0.7262655942703967,0.9422945018292573,0.18750000000000003,0.3125,0.14140559960871685,0.35859440039128315,0.32890559960871685,0.6710944003912831,126.47502081252105,32.54954212453668,237.04912587411548,0.4901033288564883,0.0
SAC,3,WE,N,0.38095238095238093,2.47502081252106,13.0,8.0,6465.622398434867,130390.9092657326,1.0596196048991318,1.0109740522675377,1.0983153303499307,1.128889942057685,1.2061095732969696,1.076779253790478,1.148389021237539,1.062677535981207,1.091513958926384,1.126062422294406,0.953177970388197,1.2529685899155945,0.9543577609894025,1.222963034122518,1.074498071068115,0.3898444003912831,0.11015559960871686,0.25,0.25,0.6398444003912831,0.36015559960871685,50.67485431235257,72.5004162504212,520.3751040626053,2.333333333333333,1.5000000000000002
SEA,3,WE,Y,0.47619047619047616,8.0,5.04995837495788,15.950041625042118,6514.373439060921,117743.06020230943,0.887607362707014,1.0265434295388278,0.8839731248713724,0.9765907427642067,0.9801194449424989,1.1831994302334718,0.9649556930806572,0.7600288691698119,0.8179669351336528,0.8057394786089309,1.0382372324497646,1.0551086669692304,0.9073943480726228,0.8841412652387657,0.8910829717311507,0.14140559960871685,0.35859440039128315,0.11171679882615061,0.38828320117384935,0.2531223984348675,0.7468776015651324,23.099084249073357,28.34887612386276,232.04080086569147,0.33890747011884204,0.0
UTA,3,WE,Y,0.5714285714285714,3.95004162504212,11.950041625042118,9.049958374957878,6439.37343906092,107150.97795953871,1.0135335033821782,0.9498121796302764,1.0891014557750818,1.057391034579065,0.5955474713320719,0.57639191135656,0.9783383310831882,1.2272713339155035,1.1398646428276795,1.068464141757006,0.9785731406229392,0.7233435140315178,1.2549577933117313,1.2192338298365943,1.0047765654785394,0.3257832011738494,0.17421679882615063,0.2531223984348675,0.2468776015651325,0.5789055996087168,0.42109440039128304,53.09991674991576,38.14987512487364,488.4021645021902,2.8000000000000003,0.0
WAS,3,EA,Y,0.5714285714285714,6.099916749915759,8.275187312689539,12.72481268731046,6452.497918747894,245463.77228188413,0.9581800813695812,0.9761952797730645,1.0049329930911446,1.061279187307015,0.7682009462986351,0.9386825264283514,1.0412396944027882,0.9993219187842926,1.0118597802294922,0.9394946132603647,0.9957958336137488,0.9628342921446256,1.0994956301362853,1.2340948505140399,0.9531842384356138,0.23515559960871685,0.2648444003912831,0.13672200195641562,0.36327799804358435,0.3718776015651325,0.6281223984348675,72.65029137529484,45.42506243756317,521.6265609390795,0.0,0.0
CHA,4,EA,Y,0.5,4.468107619201058,10.89240774310995,10.107592256890051,6474.126489810561,101567.9273110819,0.9796651900928335,0.980462307218674,0.9643248202671073,0.9614516931308617,1.3137376903872566,1.1798111120060635,0.9555460153661465,1.0463373148261954,1.0128436343374954,1.0005575577236046,1.1026921442569575,0.9635998035245927,1.055607927875483,0.8996857295416533,0.9961242604316796,0.2873856989958012,0.21261430100419884,0.1811737993305341,0.31882620066946593,0.4685594983263352,0.5314405016736647,99.02161318007177,44.40432285760318,470.2506539725826,0.0,0.0
CLE,4,EA,Y,0.5416666666666666,3.5036020120212803,11.461457580401142,9.538542419598858,6493.441395540545,145042.9208749951,1.046081683578673,1.0133940437980649,1.055927080272771,1.0614918195377643,0.9211391036807457,0.9107459695594733,1.081055155045471,1.0610688025035517,1.066757866610241,1.0176242511573557,0.9163218359909071,0.9848160295800192,0.9772766546920809,0.7846604430163014,1.0372208427375482,0.3133667619854693,0.1866332380145307,0.18947596176110126,0.31052403823889874,0.5028427237465705,0.4971572762534294,60.32443872639808,34.50748101666389,383.5951503070601,1.011435913270719,0.7878889806408556
CON,4,EA,Y,0.4583333333333333,0.0,0.0,0.0,0.0,0.0,0.0,0.0,0.0,0.0,0.0,0.0,0.0,0.0,0.0,0.0,0.0,0.0,0.0,0.0,0.0,0.0,0.0,0.0,0.0,0.0,0.0,133.24228324646637,47.456442347423184,398.0797428419548,0.0,0.0
DET,4,EA,Y,0.75,6.765946190399471,7.534663414956257,13.465336585043744,6475.707259219442,103156.57552991205,0.9312254901192376,1.0038832338339667,1.0054283993715882,1.0262223971554776,0.8186992980592755,0.9153365324107576,1.1164550995115277,0.9909865172556633,1.0279999394235821,1.027918643903959,1.0030171421539353,0.8269405796948108,1.0843445801161635,0.77734663267795,0.9392938971929738,0.2177620191194494,0.28223798088055063,0.12084026276530013,0.37915973723469987,0.3386022818847495,0.6613977181152505,70.40432285760318,46.58459411371167,309.44760351755866,0.6923076923076924,0.0
HOU,4,WE,Y,0.5833333333333334,2.6644499870666944,15.303934624755685,5.696065375244315,6448.33610510612,188378.57788190097,1.0693405399351432,0.9776651850688902,1.3066517388963415,1.2056694372178245,0.9836398622620911,0.9193156013576188,1.027544418439897,1.0881510000871717,1.0679384816665107,0.9975289798318803,0.8413807709956043,1.0670147303902109,0.970129246653261,1.2824054502055655,1.1032724305716122,0.40635390685624867,0.09364609314375132,0.31991808840626523,0.1800819115937348,0.7262719952625138,0.2737280047374861,56.462565550886424,32.94231129195939,532.7626776866996,2.653261568757029,1.5519394102841686
IND,4,EA,N,0.5,5.566278803133876,8.835827005554627,12.164172994445373,6441.611249676667,149891.38916203048,0.9158136271029639,0.9833178561808735,1.101743280432457,1.0158308966912235,1.3383963888191228,1.2708971831798224,0.978994477720358,0.994840011732771,0.9887095071139557,0.8782594454712597,0.9561675098938526,1.0545692384356837,1.0193491108151764,1.0382598638404064,0.9701922394217557,0.2343836560194163,0.2656163439805837,0.13756580652151576,0.36243419347848427,0.37194946254093203,0.6280505374590679,47.55574975969135,38.09484616453285,437.9528436592342,0.6976014860371311,0.5
LAS,4,WE,Y,0.7083333333333334,1.0,17.664449987066693,3.3355500129333056,6467.484759866107,149326.28542151704,1.1351748351959707,0.9997875962451244,1.0536592814319155,1.026717286469447,1.0834505388520081,0.9321492274759524,1.0888369557527415,1.2105802586858894,1.1715526165396906,1.1852729033208285,1.0636530812078333,1.0773344510832412,1.0290959711851404,1.3813423039662045,1.112199940884129,0.44471027469376784,0.05528972530623216,0.3958679689520829,0.1041320310479171,0.8405782436458508,0.15942175635414926,72.7637291414848,37.50415599726392,564.703325914987,5.272669570761337,5.139634010003343
MIN,4,WE,Y,0.5833333333333334,6.734330802221851,6.696065375244315,14.303934624755687,6459.969519732214,126488.05625954732,0.9603571043328808,0.9858091335367378,0.9346053549665951,0.9867705844071881,1.188361983653671,1.217326002199673,0.9461674900104274,0.996350203158606,0.9802497306278869,0.9450267890261268,0.9810880759772114,0.8323962151817852,1.0492104492270156,0.8006346531387877,0.9708882505417256,0.2177620191194494,0.28223798088055063,0.1624722938132172,0.3375277061867828,0.3802343129326666,0.6197656870673334,79.31668071711287,32.6172903224686,627.6967606497374,0.0,0.0
NYL,4,EA,N,0.4583333333333333,1.3322249935333472,12.566278803133876,8.433721196866124,6425.87351018944,239153.92223476144,1.1034713472805662,1.013360281392946,0.8406912295785817,0.8712057057901169,1.1068251625155592,0.9768248858750492,0.8551953826461567,0.9709628067260799,0.9338565599455604,1.1818070342941953,1.021025328172776,1.1467184622637099,0.9419808447672644,1.1018800944060452,1.042941926639085,0.36243419347848427,0.13756580652151576,0.25,0.25,0.6124341934784843,0.38756580652151573,34.766500175642115,54.97835967002226,456.40991922572977,1.5802069820741138,1.0892767564244237
PHO,4,WE,N,0.20833333333333334,5.433721196866124,8.534663414956256,12.465336585043744,6424.126489810561,145257.5283163833,0.9794270304484582,0.9994772232667156,1.0158552566475691,1.004997082781842,0.7579213885389254,0.8610491591802774,0.8937750674393652,0.9307527651140889,0.9176097425098443,0.9082036689501407,0.9965217423728965,1.0910578761776704,0.9510188955014164,0.9333702101748527,0.9720289186942174,0.3218940501673665,0.17810594983263353,0.12716646343476604,0.37283353656523394,0.44906051360213256,0.5509394863978675,42.78426150097726,33.357190342911046,238.04660457141134,0.0,0.0
SAC,4,WE,Y,0.5416666666666666,3.769271209799429,11.164172994445371,9.835827005554627,6505.78206938608,135453.4191307337,1.021961509440755,1.0071336310560215,1.0472455495916366,1.0664696399942093,1.0392579681975775,1.001578428618913,1.0407084469143515,1.0015768161313459,1.0148779989876258,1.084989964288997,0.9947310850532098,1.1821487165408686,0.9415058989905126,1.0865976080386117,1.026657959824668,0.36144621259793364,0.13855378740206636,0.20410432486113433,0.2958956751388657,0.565550537459068,0.4344494625409321,39.04494372362752,51.755418254901045,435.05500577126577,1.1382344938497961,1.5000000000000002
SAS,4,WE,N,0.4166666666666667,0.0,0.0,0.0,0.0,0.0,0.0,0.0,0.0,0.0,0.0,0.0,0.0,0.0,0.0,0.0,0.0,0.0,0.0,0.0,0.0,0.0,0.0,0.0,0.0,0.0,0.0,64.61119426891133,37.817511694976844,448.34095300788584,1.9769640511948463,0.415828526494196
SEA,4,WE,N,0.4583333333333333,6.531338395556299,6.867442393732248,14.132557606267753,6490.737739487228,115551.42781887321,0.9340321850866875,1.043052552259943,0.9122251863305285,0.9576640443715964,1.2753917605309064,1.292002557194681,1.0436015678759545,0.8320536807331947,0.8946548816397387,0.8966273119082955,1.063327371309452,1.0753495972635008,0.9040570850574134,1.0030509874906512,0.9459137924487179,0.2042255437562156,0.2957744562437844,0.1510156870673334,0.3489843129326666,0.355241230823549,0.6447587691764509,86.59348945927631,58.515822376985895,283.0960693823066,0.9155383531764804,0.6440869287927796
WAS,4,EA,N,0.2916666666666667,4.961734573022463,9.64280965708895,11.357190342911052,6451.580769408882,250520.82496159826,0.9828775396394701,0.9862861315610806,0.9679774733837159,0.9978317756693943,0.8957708437184088,0.958726458778397,1.0510508938907108,1.0146894620857054,1.0256964872062384,1.0231812283547288,1.005713405795929,0.9516927165491739,1.0746203216682237,1.1226962138193624,0.9736702200994087,0.25207986861734993,0.24792013138265004,0.1783137635451309,0.3216862364548691,0.43039363216248083,0.5696063678375192,62.49806105165075,36.089859189404976,475.8679997028072,1.1333333333333335,1.5000000000000002
CHA,5,EA,N,0.4,3.755684886838982,11.212115804402723,10.653838411069486,6582.622906688187,106905.9787284161,0.9844387169695987,0.9829148867974777,0.9619145875287538,0.939256140067401,1.3256690308055041,1.2059222751483825,0.9354744515138811,1.0366805204107783,0.998817085165495,1.0050996957876681,1.1163952555372456,0.9905074194055314,1.056789541067223,0.9591720217507507,1.000136087358524,0.31479812689517467,0.18520187310482528,0.17132646362862933,0.3286735363713706,0.486124590523804,0.5138754094761959,98.43807169495933,45.44222011724837,443.3337216715499,1.125,0.0
CON,5,EA,Y,0.7,0.865954215472207,3.1751654567314254,3.75246826704623,1984.4784104571409,29567.42938448819,0.2886514051574023,0.28837702169242374,0.27163855220117034,0.27707103674841294,0.2970424343770942,0.2956522787899512,0.2626254587907513,0.27087730385460657,0.26831348781609127,0.27142627609737646,0.2860626033174256,0.3092693626686453,0.26318216352586676,0.3640943860508143,0.2856558530075745,0.08489747210511832,0.059428230473582824,0.06791797768409466,0.0764077248946065,0.152815449789213,0.13583595536818932,70.68873338368765,55.54226128625394,465.03103174769313,1.125,1.0
DET,5,EA,Y,0.55,5.101597720478693,10.555497525674301,11.310456689797903,6598.1799550438345,111957.67939704856,0.9482256886111636,0.9671544168094581,1.1523908480840812,1.187898513717639,0.8064888290909457,0.8234605167038134,1.074698721510725,1.0693913855324781,1.0649516773918317,1.04334145083213,0.9391202870259562,0.8339236651978086,1.1244658149918267,0.9065064659841044,0.975859355234724,0.265271420047361,0.23472857995263896,0.18783651764464848,0.31216348235535146,0.4531079376920095,0.5468920623079904,55.61236654961735,30.897179046224316,320.20870160517626,1.5962875328982988,3.0000000000000004
HOU,5,WE,N,0.3181818181818182,2.4726555646430755,14.927552063086566,6.938402152385639,6557.060667639299,177359.1436835944,1.0507265160618766,0.9679021803945358,1.349583692687784,1.2442379633453715,0.896130429076756,0.8525460279909126,0.9885975593092294,1.0855372746347003,1.0552142592980167,0.9697127439286276,0.8216052318994799,1.0527572026696497,0.9921771283314145,1.217450686049307,1.0872080033805913,0.40791574159815797,0.092084258401842,0.27851176591559773,0.2214882340844023,0.6864275075137557,0.31357249248624425,53.73118270822903,28.62919214123599,515.2234453913075,2.1714563047615845,1.1657036547627915
IND,5,EA,N,0.4,5.402821630898431,9.74916998656239,12.116784228909815,6566.709521436907,147549.44797982153,0.9408038705014828,1.0037155152000885,1.048222475057134,0.9773289109019718,1.338160626726689,1.3154306002530314,1.0084114247988658,0.986522976452507,0.9925540235580536,0.8977014424078509,0.9857454964436427,1.130372381793572,0.9923406163133035,0.9440165777187263,0.9807861330528056,0.2601157036791127,0.23988429632088729,0.14030597922002805,0.3596940207799719,0.4004216828991407,0.5995783171008592,47.106680405483154,39.51072571165366,443.4508321012489,0.0,0.0
LAS,5,WE,Y,0.7272727272727273,1.0,17.472655564643073,4.393298650829132,6592.330891682746,151810.91432979,1.1054892689643492,0.998907798440247,1.0570702488321624,1.0091368800801028,1.026962776033566,0.9453199726358693,1.0814631199205915,1.1585762419971106,1.1335275243251575,1.1393631492952059,1.0576376940097731,1.0562094767838395,1.0219309312316236,1.3485440662170258,1.0877654265991938,0.40973124833110747,0.09026875166889246,0.39196683719391107,0.1080331628060889,0.8016980855250185,0.19830191447498138,65.0383411175431,35.62672222929074,524.0891131793061,4.000003341786962,2.670169047113546
MIN,5,WE,Y,0.5454545454545454,5.945062373995346,8.804356367857848,13.061597847614358,6572.552365915726,124688.29850899352,0.970813801444058,0.9774767186061867,0.9394457077232268,0.9864852253929043,1.2138307827564887,1.2050761821670424,0.9822630962904878,1.0266230361644142,1.012218243365594,0.989322673521615,0.9726778928364797,0.8498863874244106,1.0883235593841445,0.8009096364520722,0.9805093363478323,0.24829192562633737,0.2517080743736626,0.17500266837846856,0.3249973316215314,0.4232945940048059,0.5767054059951939,80.66852740891899,30.418548767396153,625.4750798730304,1.125,0.5
NYL,5,EA,Y,0.5,2.679584808108549,12.114170225741027,9.751783989731177,6548.298217437734,231415.77781234717,1.075010538079921,1.0041993505320381,0.857119032318766,0.8865223566456052,1.1244088746305168,1.003911623633386,0.8482945822202888,0.9597349629073612,0.9244099761233172,1.1413077821490303,1.0022631976856033,1.0968565971133597,0.9527145845104596,1.168689397050639,1.028883351041991,0.3512042735694601,0.14879572643053987,0.22028588476320857,0.2797141152367914,0.5714901583326687,0.42850984166733125,40.895579736352474,55.273257586835804,432.04487743199996,1.3239712293494101,1.089276756424424
PHO,5,WE,N,0.5,5.885829774258971,7.514377853470671,14.351576362001536,6568.704332332863,145042.04186886948,0.97394398854032,1.0348785361330468,0.9573887599261857,0.9712773541394276,0.7853489838431582,0.8840407197156985,0.97587986816726,0.8909464576963411,0.9118529729028356,0.9074802441660056,0.9962274641423421,1.1015113438338247,0.9031682878859798,0.8834057379722026,0.9581042674044671,0.27991736353781976,0.22008263646218018,0.10743917949644705,0.3925608205035529,0.3873565430342668,0.6126434569657331,61.710354803788945,33.76045682799528,323.41835769759655,0.0,0.0
SAC,5,WE,Y,0.5454545454545454,3.5472199941436893,11.694087039224621,10.171867176247584,6597.924773609226,141262.4076768512,1.0318943043681177,1.021891958497268,1.0269723908282,1.0613046775549086,1.0298633582664565,1.0048313963440298,1.032304579469095,0.9884379157793123,1.0029457696323436,1.0895463929676326,0.996702982576814,1.2236406647087759,0.9007602485911861,1.022704798156765,1.029774504170619,0.3589912219688609,0.14100877803113906,0.2046175551648478,0.2953824448351522,0.5636087771337087,0.4363912228662913,41.052530490751245,53.26927414508672,444.8532760534498,3.0000000000000004,1.0
SAS,5,WE,N,0.2727272727272727,1.731908430944414,2.886514051574023,4.041119672203632,1970.0458401992705,50954.4779468156,0.2636815604206028,0.27432495673966356,0.28546774995346036,0.28516434120248063,0.18016497100428466,0.18864147847423593,0.2597120611956062,0.2930751814816537,0.2820015860966089,0.2330996252969211,0.31410795658383983,0.1962829555070336,0.3492409689758193,0.34431989043775846,0.2634375205701055,0.0764077248946065,0.06791797768409466,0.025469241631535498,0.11885646094716565,0.10187696652614199,0.1867744386312603,151.3573863718441,46.45873540699394,404.40705587203615,1.0,0.0
SEA,5,WE,Y,0.5909090909090909,6.089315415907491,8.060310953675344,13.805643261796861,6594.4392958042645,117082.88868411948,0.968806073145726,1.0314747636437303,0.9382160479673409,0.9581624929790193,1.2377042281490649,1.2493289692197977,1.0228155900313407,0.8985461506946041,0.9342132308092336,0.9847026705863047,1.0825218786691204,1.038283633126995,0.9355243632529378,1.0965371211965846,0.9759965031762113,0.25564226731860323,0.2443577326813967,0.14987353284709623,0.35012646715290374,0.40551580016569944,0.5944841998343005,81.98964619117295,49.47271799517552,418.492636312361,0.9741610268089708,0.6440869287927796
WAS,5,EA,Y,0.45,5.550082752603282,8.87995893600667,12.985995279465534,6573.8013252896735,247111.6137403648,0.9836918339757473,1.012677970325951,0.9046326480749401,0.9215953232842257,0.902224457352644,0.9844139466856361,1.077797818303943,0.9816211469047261,1.0105127545466184,1.0052564615965227,1.0607727293306672,0.9219364690635986,1.049380401924914,1.0387669380899855,0.9618574433148217,0.20478590196059399,0.29521409803940596,0.17778172840199508,0.32221827159800487,0.38256763036258906,0.6174323696374109,70.14788296848745,35.48661839780211,498.42091137635043,0.0,0.0
CHA,6,EA,N,0.2,4.0566288914183435,10.435249090235825,10.979414509196681,6659.382187687658,109198.0450247974,0.9715747524368479,0.9635124511913378,0.9700213788885694,0.9551834116793297,1.313879571356481,1.232348328101072,0.8774722012436957,1.0231877122744848,0.9689927000519423,0.9616822722926666,1.1097878637681038,0.9599587237628041,1.0662993573845176,1.0114772042328017,0.9916248572527934,0.3097964465709971,0.1902035534290029,0.17257059660010166,0.32742940339989834,0.4823670431710988,0.5176329568289012,81.99215031304539,50.32580927453479,392.25313468301033,0.9941397657567003,0.0
CON,6,EA,Y,0.65,0.898373877313569,5.7932073192019145,4.2960453665930185,3173.322567461213,49991.992019171055,0.4657686024319283,0.4671510409951641,0.4428829758033866,0.4482812380430576,0.47372819998192783,0.5182783753179049,0.45281892497183734,0.43667615213404315,0.4411802475313569,0.4506320106699718,0.45217455573048937,0.537042888213044,0.4266380791706356,0.48150614027627525,0.4616777832332366,0.13549844658770907,0.09484891261139633,0.10839875727016725,0.12194860192893815,0.2438972038578763,0.2167975145403345,77.05224842687726,60.24821538633556,477.5999937849509,1.125,1.4158285264941959
DET,6,EA,Y,0.55,4.593315511795214,10.663002733361754,10.751660866070752,6659.083927004719,123784.95694098982,0.9646847485660883,0.9749830109923767,1.1597886829195376,1.2151299747204318,0.6899433121374455,0.7191386142562114,1.1102126672371249,1.0668549839520705,1.0756061368092136,1.0558705580407672,0.9272668706702903,0.8640476523116413,1.1026525078563518,0.9605041390327897,0.9801742373263567,0.2580212554102736,0.2419787445897264,0.20642776852644307,0.29357223147355693,0.4644490239367167,0.5355509760632834,86.48121999622296,40.9818744084194,385.20777602458213,1.3130316660861308,1.68755203130265
HOU,6,WE,Y,0.5,3.3257619431474357,13.010232857410466,8.888141019903102,6627.909550568543,167708.12146869575,1.0280182573016676,0.966631769040531,1.3064782880728825,1.2234273267878166,0.875108403917805,0.845856016068641,0.974028362859674,1.0661932848541114,1.0372754754001001,0.9375513191574836,0.8278264746314842,1.0249988337814784,1.0007445372776385,1.1236125073195666,1.0623971341951357,0.3732797011927521,0.12672029880724794,0.2396058098312176,0.26039419016878246,0.6128855110239697,0.38711448897603035,52.34506671803673,27.02588795485388,516.3786796698498,1.5586611791214198,1.1657036547627915
IND,6,EA,Y,0.7,5.547252288329771,9.326124236431735,12.088539363000772,6635.224779490314,143060.5082548633,0.9512101655835177,1.0217503305435096,1.0056246620202063,0.9427928346536782,1.3463208674177525,1.3277765003167412,1.1053569396176943,0.9957585356021679,1.0273010821023165,0.9417348211481865,1.003632134154363,1.0925240394428808,1.0045731265006164,0.9157543333130851,0.9803697685284031,0.2683392484194608,0.23166075158053925,0.14193918931871782,0.3580608106812822,0.41027843773817857,0.5897215622618214,76.12673336112283,50.574082593781306,401.8355353184182,0.7894736842105263,0.0
LAS,6,WE,Y,0.5454545454545454,1.0,17.116486248444776,4.781887628868792,6684.881382043065,157968.0831767186,1.106387321844091,0.9961704095098007,1.0315438376822714,0.9945324000734843,0.996812165020843,0.9126347386481004,1.0424980470569882,1.1475031596455356,1.1137116610128797,1.1483912582043556,1.0529734157659674,1.0207807814788226,1.0194014515565195,1.3363791270760694,1.0802655435877515,0.4173364369291211,0.08266356307087894,0.368301507718571,0.13169849228142902,0.785637944647692,0.21436205535230796,70.59173631686481,39.10297332155649,541.9648409805429,0.0,0.0
MIN,6,WE,N,0.4090909090909091,5.23278390434417,9.577239202514013,12.321134674799556,6639.6545020059,124787.14506488609,0.9667424841220961,0.9740936792046915,0.9363221255118854,0.9792698385551885,1.3855678265825602,1.3108510580459196,0.9932918552809842,1.0239154035073517,1.0139322165450642,1.0004747100779785,0.9735615028739029,0.8309939662024555,1.120439981785855,0.8599714221373705,0.9824623501009074,0.2664884982898688,0.2335115017101312,0.1824710787788221,0.31752892122117793,0.4489595770686909,0.5510404229313091,73.73489672921444,28.62433462452045,578.6821375488082,1.125,0.23751040626053
NYL,6,EA,Y,0.45,2.5152237299215816,11.602847292050496,9.811816307382006,6633.359100924964,216093.3410771344,1.0434789500846167,0.9842599360703814,0.8731576177391118,0.8939173408869259,1.2482277646607471,1.1198234690076054,0.8145800475586198,0.9731176615524304,0.9213839567395119,1.117423476904021,1.0008945918343228,1.0070891231101522,1.0068972949167536,1.129857301431768,1.017159635624428,0.34451096602251124,0.15548903397748873,0.21680231657315666,0.28319768342684337,0.5613132825956679,0.43868671740433207,91.50334746858123,27.576732691232664,367.6766180048391,1.5714285714285714,0.6666666666666666
PHO,6,WE,N,0.5454545454545454,5.671587291127908,8.357393482013716,13.540980395299853,6630.690756646354,142926.5248423554,0.9932022941125226,1.0365366662359234,0.9323673521885213,0.9361332621717,0.944552556965147,1.0309286789362533,0.9464918238271257,0.8972520628952984,0.9085120447319336,0.9537239060160592,1.0293872231850916,1.1368890106609688,0.8940995313348854,0.9116046594146043,0.9752707839908247,0.28335177508178705,0.21664822491821292,0.13124816688766894,0.36875183311233106,0.414599941969456,0.585400058030544,58.687766594972906,34.48987240504314,310.6961103295171,1.0,0.0
SAC,6,WE,Y,0.7727272727272727,3.656727165369562,11.768073660856661,10.130300216456908,6670.98321945846,142781.64306093415,1.0455649548401533,1.0424365000790143,1.000549506039755,1.0361290326633354,0.9745701649819712,0.9545525753373271,1.08612560244964,0.9765655364238811,1.0115543092361519,1.0707178527301502,0.9956284393839387,1.2428110461610928,0.8807140762583129,1.0192806639836065,1.03023591069425,0.34330121449542483,0.15669878550457517,0.21203683944620086,0.28796316055379917,0.5553380539416257,0.4446619460583743,41.28168086055252,58.52496186600538,456.73966380201466,1.470897328335254,1.0
SAS,6,WE,N,0.13636363636363635,3.006023449329797,3.6395266282199814,6.933436335456015,3156.334210014815,73147.71546752212,0.4210646452364449,0.4422261688159476,0.500140589844126,0.485495573553995,0.24767577467902424,0.2703911694459222,0.4223322409704893,0.4609828123180667,0.44840221613118814,0.3840877760731956,0.48154482549720756,0.38375590614488114,0.5169534700396596,0.4597780355556074,0.4238797285805179,0.10060844261065595,0.12973891658844947,0.04064953397631273,0.18969782522279266,0.1412579765869687,0.3194367418112422,147.64312355711832,46.83149816927954,376.01155606150604,1.0079770207746168,0.6896319502064996
SEA,6,WE,Y,0.5909090909090909,5.100293467821526,9.255000134297218,12.643373743016353,6650.20158695175,121244.7588373259,0.9826029089326005,1.0282398988876646,1.0109067316061773,1.0025983922805526,1.228933259817097,1.2187181331700714,1.054813005932337,0.9337690795765862,0.9690883003345361,1.0098688407674161,1.057926197815803,1.077011670460086,0.9382681389299703,1.0625969264706572,1.0002828523754779,0.28628789494974616,0.21371210505025381,0.1634195538128453,0.33658044618715477,0.44970744876259144,0.5502925512374085,41.90476037648304,31.429057987168473,480.722494861461,1.0709493440724,1.3579205516621147
WAS,6,EA,N,0.45,5.175187273103093,8.908991484217347,12.505672115215159,6640.60139413693,239211.75090088905,0.9901553720993722,1.0186227342860283,0.9106256047705403,0.9317439344755288,0.8579537508555527,0.9073754438236207,1.0597018231099051,0.9722458733199066,0.998567142937772,0.973640038917892,1.0557178792823119,0.9591852799140711,1.0040103649321237,1.0664318320269697,0.9650969077698974,0.23350463002255392,0.2664953699774461,0.17746462241480712,0.32253537758519285,0.41096925243736104,0.589030747562639,50.46298585952668,24.30132076687104,355.16630504219324,1.2311200413267318,1.0892767564244237
CHA,7,EA,N,0.3,4.46651581936556,9.077955844224265,12.038333392077291,6719.623387702798,106847.59412020749,0.9579903833135676,0.9740010796250754,0.9506532598474442,0.9383084707166108,1.2136589149832164,1.1597000474319326,0.8801442135405053,0.9908780620454678,0.9495430401910429,0.9684883737270951,1.1101744572459704,0.9801651289795378,1.0527107734594778,0.961383822145644,0.9717126315571487,0.27547257292926614,0.2245274270707339,0.14237619185953748,0.3576238081404626,0.4178487647888037,0.5821512352111965,83.89204468694643,48.99159857289921,391.14516759025906,0.4285714285714286,0.0
CHI,7,EA,N,0.2,0.0,0.0,0.0,0.0,0.0,0.0,0.0,0.0,0.0,0.0,0.0,0.0,0.0,0.0,0.0,0.0,0.0,0.0,0.0,0.0,0.0,0.0,0.0,0.0,0.0,0.0,97.38044391068928,35.93919922032262,207.43430950421282,0.0,0.0
CON,7,EA,Y,0.75,0.9198083933682663,7.313231003427993,4.866351085918402,3938.244750833458,65167.77979365331,0.5989062989033871,0.5720044079672729,0.5883851670744866,0.5959852477413242,0.5985575553449966,0.6056441020597022,0.5513546162727794,0.5728729752412546,0.5653048887324212,0.5997373459150703,0.551783556292516,0.6167026449784564,0.5523407898676476,0.7270250746868536,0.5968361284614759,0.19376725989758467,0.09345399850824482,0.15997652361454592,0.1272447347912836,0.3537437835121306,0.22069873329952838,76.40848217682864,60.4067783516962,489.0737937860581,1.6028355859751846,1.5181839544453435
DET,7,EA,Y,0.7,4.468176123152835,10.73408065241643,10.382208583885127,6715.169726454199,131287.4383244745,0.9847774435876255,0.9927300570242011,1.1051818953152133,1.1753503197693769,0.6485117586020379,0.6775442401218814,1.194356284970785,1.0691744977867437,1.1004752923008208,1.0445325059606991,0.9474267128652346,0.8686839442752834,1.1016874464841209,0.9983005494702644,0.9806668515621766,0.27804133015183957,0.22195866984816048,0.1877025481089904,0.3122974518910096,0.46574387826082997,0.5342561217391701,76.53271151845104,28.914483660980192,547.3227824923339,1.1614963286364741,1.0679413128338555
HOU,7,WE,Y,0.55,3.2570537270330835,12.586243755820965,9.333564637547303,6680.0247357718845,157788.32195201278,1.0250934270052403,0.9710657493529717,1.2962021251591362,1.2257304644052913,0.7788910084124838,0.769668633135227,0.9810457101318774,1.0513110725475938,1.0291940280187246,0.9218729104522455,0.8321183308351761,1.0721873894437601,0.9760318618110497,1.0861398904226696,1.0535238942007006,0.362786598147174,0.13721340185282604,0.23869640747578755,0.2613035925242125,0.6014830056229615,0.3985169943770386,99.94254970457415,61.066297992072144,475.4349157891196,1.4892897253220203,0.9650114915336224
IND,7,EA,Y,0.6,4.799082092376625,10.311916692579825,10.804372543721733,6696.342840989453,142941.02292999803,0.9639500341873425,1.0359317419042169,1.0007702398737257,0.9394178595014337,1.3195749634085454,1.316688225345015,1.1300056294427756,0.9847872795843832,1.0262298722523122,0.9821459012615179,1.0107262629437461,1.1649467825772475,0.9729918295220783,0.8999258971544737,0.9881687229142083,0.29858988860305125,0.2014101113969488,0.15542578834486284,0.34457421165513724,0.45401567694791406,0.5459843230520859,90.23133628712269,58.88961640807679,422.7508497482643,1.1450935098534325,1.0
LAS,7,WE,Y,0.75,1.632746251300967,16.037340417265984,5.882467976102283,6709.1616733654655,156397.3785223202,1.0981299499336692,1.0063641349591386,0.996475206448155,0.972184447524081,0.9302697253133679,0.8774181917156127,1.026546392326064,1.1086579123017442,1.0822316052172087,1.1111414962843698,1.0685680586192101,1.0309142399969045,0.9951483537921821,1.303946572394602,1.061627393420297,0.39755108908962805,0.10244891091037202,0.3278414093230173,0.17215859067698272,0.7253924984126454,0.2746075015873547,74.05249209548535,44.986886339299225,536.6993711322885,2.0,0.0
MIN,7,WE,N,0.3,5.394601607165501,9.455490555349115,12.464317838019154,6684.019610450502,122395.33363854748,0.9588314379956693,0.9719317556140508,0.9507224970252418,0.9868486335844708,1.3745507666518755,1.3103574274385705,0.973860415197333,1.020057860826513,1.0049961024822687,0.9980179895647705,0.9661339818519123,0.8536015367107704,1.116258801863632,0.8646058713022217,0.9790631958457656,0.2785193063471975,0.22148069365280254,0.1625952989512342,0.3374047010487658,0.4411146052984317,0.5588853947015684,52.27109637127956,35.94780842471035,244.4508291299585,0.9463425859340612,0.23751040626053002
NYL,7,EA,N,0.35,2.6174705191255097,11.053866669799223,10.062422566502335,6694.870662796889,206873.73442641905,1.0266969534414345,0.9716457903270119,0.90468247371551,0.896865389184789,1.3359205390960593,1.2042480664849833,0.7907190235539555,0.9932591299432794,0.9264980463163048,1.1038048046136382,1.008928035053787,0.9588090434138822,1.0316145351460662,1.1662335206368621,1.01640183846213,0.3338822381342155,0.16611776186578453,0.22070252250959493,0.2792974774904051,0.5545847606438105,0.44541523935618965,85.59623626479066,36.88412118413715,337.4699766099053,1.251606716773812,0.38385197418780737
PHO,7,WE,N,0.4,5.52993917750039,9.125675355087147,12.794133038281121,6666.400686327229,138965.42261186705,0.9874821788325798,1.028936348144243,0.9498583599609967,0.9416944136783308,1.0556041269178273,1.1559098357053008,0.9729845908135238,0.9234107489718985,0.9356352042834107,0.9989359880015739,1.0310355604452845,1.0905070487254618,0.9312826208491474,1.0564212151306982,0.981113748029829,0.29182585808087014,0.2081741419191299,0.1345828781278921,0.36541712187210795,0.4264087362087623,0.5735912637912378,66.13566103233813,35.23021243080882,325.7351999602424,0.0,0.0
SAC,7,WE,Y,0.5,3.0963824471638843,12.87156758691524,9.048240806453027,6698.19484753932,143294.45372385698,1.0646009050416534,1.0523445798391475,1.0074935370236897,1.0504724895653095,1.0097978390965043,0.9551630137342616,1.1421284438465105,0.9754299719884504,1.0256939267668514,1.0849569822158889,0.9851732887391187,1.2535268095937677,0.8645040547435053,0.9768658170429292,1.0476408402552457,0.3639446149580408,0.1360553850419592,0.2293489472197485,0.27065105278025153,0.5932935621777893,0.4067064378222108,43.54233961246345,55.03959264146993,459.32555772500297,1.9105572642649495,1.9723363008271193
SAS,7,WE,N,0.5,3.8484146794033096,3.5046406026822017,9.478460643730903,3924.8394998837166,86204.70529082094,0.5116981351769562,0.5367187667537056,0.6237902801353966,0.6081655696197037,0.3588223176177655,0.38860740119387704,0.48708590801095014,0.5704755066012721,0.5429514316842361,0.4652915535999013,0.5801183147314724,0.4481462802118153,0.6709497292490574,0.49106313467653934,0.5225527222634005,0.1104055440766042,0.17681571432922533,0.04448270980396044,0.24273854860186908,0.15488825388056462,0.41955426293109443,149.82754847192524,46.656122386087794,363.5651091010545,0.7311207013815615,0.6896319502064997
SEA,7,WE,Y,0.5,4.446393777922545,10.044878343012572,11.874930050355696,6687.0692671482975,127552.23525063704,0.9895825553099388,1.0128251411147302,1.0318500736039682,1.0157631183449678,1.1949201776684943,1.1776208877228187,1.0363057817915493,0.9754093206441872,0.991943660196998,0.9899635120358439,1.0353307764710855,1.0086323266251227,0.9888486199135263,1.0548725921369866,1.0081971466531838,0.3127528888640152,0.1872471111359848,0.16617221818164674,0.33382778181835326,0.478925107045662,0.5210748929543382,45.088579137906436,32.39314012834622,505.24721335714094,1.1390923522568155,1.1427030641496374
WAS,7,EA,Y,0.6,5.138237576325887,8.928186583283326,12.188102653018229,6695.312559287782,224930.509632452,0.9957765528252864,1.0255110877524563,0.88591273561,0.912940542017236,0.9315026809421235,0.9644182893762382,1.0463198428046319,0.9558100383769073,0.9821856155347223,0.9683637396752658,1.0634708367888968,1.0243807967493046,0.974289192179577,0.9899268775476487,0.9686153637661721,0.24628884979246765,0.2537111502075324,0.1772549652812232,0.3227450347187769,0.4235438150736909,0.5764561849263092,54.54513047061747,45.24199178816721,342.0082396480537,1.1376483615847715,1.0892767564244237
CHI,8,EA,N,0.3,1.323239227549821,0.7561367014570405,3.024546805828162,1285.432392476969,10894.984697119133,0.1670353475412309,0.19149945571367757,0.15573641236431707,0.16514806353154793,0.14839182766094422,0.18903417536426012,0.17806121531673053,0.14946888284615917,0.15821504427178187,0.1544436521033843,0.2181661544443687,0.19985674265610706,0.1862074961064768,0.196910599337771,0.16335591931366283,0.016679486061552364,0.07783760162057769,0.011119657374368243,0.08339743030776182,0.027799143435920607,0.16123503192833952,70.39054849713524,27.50610041411043,198.18806417800678,0.0,0.0
CON,8,EA,Y,0.5,0.9349673475990311,8.766293041910545,4.891615298180145,4483.940148838104,76685.29565677211,0.6815064226453608,0.6416018357394117,0.7649357526488303,0.7385198046470299,0.6872008043664872,0.6809350730637459,0.621858637470152,0.6881380629993883,0.6663313532076279,0.7119186323544936,0.6025675648653901,0.6746178539916206,0.647854537339149,0.8703908273867292,0.6938518050770519,0.23497622733083018,0.09246748502729833,0.19645343764163864,0.13099027471648994,0.43142966497246876,0.22345775974378826,73.30671827955268,53.90272137904244,450.68590663961885,1.9306989628247262,1.5139807094413529
DET,8,EA,Y,0.7,4.001606485058883,11.351451023093073,9.55382139795622,6735.93140164396,136611.69204947868,1.0054332410976135,0.9989065785771906,1.0938751421473132,1.1540514125636905,0.6728274322409006,0.6889663795688025,1.2054582875683892,1.085945655014694,1.1167079539437617,1.0751973555792136,0.9516912566730285,0.8508885524991684,1.0940461890241098,1.0493809804179062,0.9956603561418191,0.30331961820998227,0.19668038179001776,0.20225880989809414,0.2977411901019059,0.5055784281080764,0.4944215718919237,83.23724114896697,28.17451247014993,519.0956734407987,1.3421656803766033,1.5467261342824736
HOU,8,WE,N,0.45454545454545453,3.208461787719075,12.286389475512642,9.27050952135787,6726.333432829889,152646.1534538209,1.0203499117242414,0.9651864856234881,1.2559272489772513,1.2024241687125747,0.8475105810775115,0.8040623181940519,0.965557021468954,1.050018382853307,1.0238435388779645,0.9387978837676891,0.8402579485017512,1.0293617337724665,0.9976813608638752,1.0592366097782784,1.047882971077047,0.36092547697942723,0.13907452302057283,0.22693360104929536,0.27306639895070467,0.5878590780287226,0.4121409219712775,102.78892240425832,61.620867931905266,476.67594106912026,3.666666666666666,0.5
IND,8,EA,Y,0.6,4.4589940926316025,10.63102212854417,10.274250292505123,6725.389295331827,139127.63217582155,0.9686238923586041,1.0384847165697326,1.048684174323921,0.9904352469904828,1.3060779646998601,1.3023788610715468,1.13890492437577,0.983261172910264,1.02715100951655,0.983283845260706,0.9868976109890897,1.2031030632433632,0.9508298063068436,0.8972394169052805,1.00011813450606,0.3088641394850766,0.19113586051492343,0.1760834607994088,0.32391653920059127,0.4849476002844854,0.5150523997155148,95.66959690841816,65.52667881709884,441.3232968463405,1.2967296897083092,0.47502081252106
LAS,8,WE,N,0.2727272727272727,1.5131355854714619,15.841247626916093,5.715651369954421,6731.059075916401,153540.05540803476,1.098851561092926,1.00611319116082,0.9992654923890321,0.9787534541600703,0.8614720236236068,0.8365840342587816,1.0294046409173214,1.114977937351925,1.0876519947742747,1.1051877744623033,1.068386964687119,1.0330577516545103,0.9885857112034344,1.2479671122222284,1.0575360230759134,0.40579777710616854,0.09420222289383152,0.3214664657332251,0.17853353426677493,0.7272642428393937,0.27273575716060644,71.07405067899533,36.179257931231845,476.28799628910883,3.621559352998474,2.6701690471135455
MIN,8,WE,N,0.36363636363636365,5.698076768486079,8.802284747739705,12.754614249130809,6710.669722131523,119961.83362999569,0.9555051211466727,0.968823386570744,0.9383055980546902,0.9793440116460135,1.2710101091318646,1.208790367499263,0.9625406857224599,1.009904512590074,0.9946313606270928,0.95786373007486,0.9788070926253591,0.8106949073929529,1.1339877236485032,0.8734308280519715,0.9683682268868322,0.2703482684463023,0.22965173155369778,0.14297888807025055,0.3570211119297495,0.41332715651655283,0.5866728434834473,52.59791824301901,35.579606065377675,247.95725634906753,0.0,0.0
NYL,8,EA,Y,0.5,3.067850014823658,10.287547326837068,10.617725094212224,6728.92126351399,197076.89945647377,0.9934713093551792,0.9696304747195601,0.9086855516692615,0.8975103017928273,1.3221659126222918,1.241087850836499,0.7992365448121699,0.972721749136736,0.9158969504040139,1.0719023698663426,1.00893824306454,0.9539932635669865,1.061106575520149,1.103774242518407,0.9930883388111182,0.3096858853900294,0.19031411460997064,0.20122151791491807,0.29877848208508195,0.5109074033049474,0.4890925966950526,18.890022850800246,10.818087782252388,162.71721758886702,0.8399527889804624,0.3838519741878074
PHO,8,WE,Y,0.7727272727272727,5.42976256208839,8.912884242610376,12.644014754260136,6710.558939953019,136665.93101465038,1.0001963866822172,1.0293937322215883,0.9314317986024571,0.9154418176697542,1.1028276223660816,1.1582491249182758,0.9438058161735822,0.9240622351979761,0.9274697578464394,1.0194141449031808,1.0455132641105391,1.1094046329981837,0.9108307538391264,1.047255948488467,0.9900023279569281,0.2922590845204265,0.20774091547957357,0.15362074424031028,0.34637925575968975,0.4458798287607368,0.5541201712392633,45.71543490190091,38.80846916904301,415.88710754943287,1.1250000000000002,0.0
SAC,8,WE,Y,0.5454545454545454,2.88912869538041,12.32874317611998,9.228155820750532,6731.617063734877,144134.62486403596,1.0625778948556042,1.0582570753676077,1.0203295791458271,1.0638100330009344,1.009157470196931,0.9464877067413567,1.1949900104816773,0.9787708630042612,1.0429125264088526,1.0696429060855097,0.9832983423018953,1.2722283777231107,0.8629418898604768,0.9085335161777679,1.049093306832823,0.3729842464117621,0.1270157535882379,0.22491295892169094,0.27508704107830906,0.5978972053334531,0.40210279466654697,45.89726317078944,52.952732350132315,449.4342390699821,0.0,0.0
SAS,8,WE,Y,0.5909090909090909,4.255137836208152,4.73248551004867,9.57704940586324,4468.343094063092,93679.92843153188,0.5925531400539338,0.6237097662462456,0.7003077507330001,0.6916873768141806,0.507522692121842,0.5441298956483274,0.5748973854858281,0.6405249474448231,0.6188048832010751,0.559618503276725,0.6503482444538126,0.5465116607587369,0.7363020454232526,0.5198620599242222,0.6069968420628423,0.1228940952195456,0.20454961713858297,0.07499275824848994,0.25245095410963864,0.1978868534680355,0.4570005712482216,97.35320706039018,26.873916541550134,359.3673238264453,0.7040900292871081,0.6896319502064996
SEA,8,WE,Y,0.5,4.36201009822522,10.036394802449475,11.520504194421036,6708.4170351062,130975.97776442436,0.9957749122940394,1.0023893839245592,1.0368652146819606,1.0141202256236403,1.1534630129780445,1.1405293713824396,1.0323780615516827,1.0099193334869394,1.014918570671118,0.9896795876998064,1.0283752818873675,0.9656294060596067,1.0240863126893818,1.0642251021876732,1.011712987581719,0.3036703626094731,0.19632963739052692,0.18479844813388635,0.31520155186611376,0.4884688107433595,0.5115311892566405,45.638937179710595,30.80654980546762,520.3232156131755,1.136358681086038,1.0031957699960592
WAS,8,EA,N,0.4,4.923071774716509,9.508864299385234,11.396408121664058,6724.553772082025,207600.70526798317,1.018826476274286,1.0294118910160177,0.8756261247756132,0.8991878278969359,0.9286981672178701,0.9605475961951935,1.0428638331253997,0.9772908246208917,0.9962668955059659,0.9720743669775156,1.0781630943590308,1.0602793162334176,0.9685925311400441,1.0428065499071681,0.9809512473051062,0.27200961310392996,0.22799038689607004,0.1715468625259872,0.3284531374740129,0.4435564756299172,0.5564435243700829,45.07497344691785,27.280479494553767,371.7420289920993,1.134972607681153,0.8218812239235196
ATL,9,EA,N,0.1,0.0,0.0,0.0,0.0,0.0,0.0,0.0,0.0,0.0,0.0,0.0,0.0,0.0,0.0,0.0,0.0,0.0,0.0,0.0,0.0,0.0,0.0,0.0,0.0,0.0,0.0,64.35659756441056,31.418105868110096,369.48449362512287,0.0,0.0
CHI,9,EA,N,0.5,2.1314397707671286,1.6623393858888476,4.921237200136825,2268.1397091555277,20514.050797177526,0.30416249720332367,0.33383761104414594,0.29749611006099597,0.3312239125573206,0.2974383600626357,0.3518132537577014,0.32192600251569,0.2833776446476504,0.295221352043005,0.3044128079642816,0.3408785166983168,0.3524131130318692,0.3097426237715511,0.3031353233456926,0.3022460761261033,0.044293311497924134,0.12029610315271767,0.0498597019015796,0.1147297127490622,0.09415301339950373,0.2350258159017799,43.679520858299504,29.132941640269173,363.14600776968297,0.0,0.0
CON,9,EA,Y,0.65,1.2918298412428024,8.979492451119684,5.774405650702453,4905.784667667621,86847.45624319674,0.7409724834377354,0.704283195521375,0.8066491278620457,0.7806700959547721,0.7714463238966629,0.7670726043144089,0.6959235366179489,0.7473677973563845,0.730296039843783,0.7730052399405449,0.6734327108431523,0.7491124911383039,0.7139862144645076,1.0371377279197675,0.752222836447544,0.23503116260307524,0.12223235286092365,0.21333098835341147,0.14393252711058746,0.4483621509564866,0.26616487997151106,35.295651331302494,26.810012716799992,338.8057143181721,1.6845278423076593,1.3076556214055397
DET,9,EA,Y,0.8,3.4828927620821473,11.8091521598464,8.939678292487784,6755.643828180392,141645.06857927563,1.0193619391860214,0.999019137064493,1.0928168808174055,1.1435553886334342,0.6910587028257387,0.6951225982159814,1.2096602424626344,1.1045478489462233,1.1317683145616673,1.0675829420602871,0.9453945012277714,0.8459764076841743,1.089227564249278,1.0408473527340925,1.0070919875621491,0.3118948206402105,0.18810517935978946,0.2282985362049322,0.2717014637950678,0.5401933568451428,0.45980664315485725,90.28153643140051,30.563723095951293,507.1551095492736,1.515008624736187,1.4043247026058387
HOU,9,WE,N,0.5,3.5180611507845145,11.891273858951491,9.742198323688743,6739.063902165537,150256.13650020608,1.0151499679797658,0.9679673860718679,1.2045243542369317,1.1679235373864965,0.8088441986187921,0.7736758927583923,0.9876787297306191,1.0531191115462186,1.0328912678933335,0.9405574054521757,0.8622475444287404,1.0125810511462197,1.01785807466662,0.9939159747885126,1.0318487729705297,0.33413215930366025,0.16586784069633975,0.2182129851458886,0.2817870148541114,0.5523451444495489,0.44765485555045115,54.41433142526962,24.14246199006124,466.56575008276536,0.9107133907796959,0.5
IND,9,EA,Y,0.6,4.034050321049327,10.867597979479436,9.88123247285475,6751.243825564851,138226.82660524198,0.9791460759842223,1.0298631542355525,1.0510237119222439,0.9946462242928057,1.285996420536759,1.2726648550793456,1.1017873735173482,0.9898491953498881,1.0208258849102398,0.9992699310966436,0.984730783685166,1.1852856131374006,0.9533777407519101,0.9483473731579363,1.00811853116225,0.31648118191430413,0.1835188180856959,0.19139848175637628,0.30860151824362375,0.5078796636706804,0.4921203363293196,96.07231860751097,65.60847441361308,425.19590806683533,0.5509676607846652,0.0
LAS,9,WE,Y,0.6,2.4613317871040783,14.140561604046754,7.492910578593482,6760.25410069088,152549.8328760807,1.079232796061388,1.0123223635821468,0.9664758461736456,0.9450545105429795,0.8573632985182542,0.8387576600372643,1.0308728923504153,1.084152579227538,1.0666416715335632,1.069616642128679,1.0928451194225537,1.0005293138390037,0.9971565153458052,1.1672733597934946,1.036425415330068,0.361084572175086,0.13891542782491403,0.29132672627921746,0.20867327372078256,0.6524112984543035,0.3475887015456966,66.56359329626903,38.152862303149575,466.35872102863704,1.8564027966806855,2.670169047113546
MIN,9,WE,N,0.4,5.750252736339066,8.663640288361362,12.969831894278872,6739.067971753937,120144.52470103391,0.9602208852582487,0.9868078575520937,0.9256065487155,0.9584777732161502,1.225243041798306,1.1858290988677704,1.011945397578148,1.004952667976309,1.0054517649361954,0.9746271068384267,1.0006884252178097,0.8180137886830404,1.1212866905799923,0.8341727164829307,0.9665503497566236,0.2592077824421512,0.24079221755784883,0.13351853623211657,0.36648146376788343,0.3927263186742678,0.6072736813257322,58.26119364763658,31.146340656548364,288.6648103442528,0.4166666666666666,0.0
NYL,9,EA,Y,0.55,3.228936750073713,10.23785568831679,10.510974764017394,6749.845126281679,188572.66380960797,0.9852075872789549,0.9643062980022047,0.9094227014581344,0.9043337593374239,1.314697228077582,1.2182025074146343,0.792327988768306,0.9673189256100303,0.9105184717148034,1.0564211595172783,1.0102359102935268,0.9447164133739365,1.0659213600442583,1.0768245245038972,0.9882022056535725,0.3069955064528948,0.19300449354710517,0.19694425940513002,0.30305574059487,0.5039397658580248,0.49606023414197514,27.722441977119253,14.824201192535693,198.19255283269158,0.8553801272272699,0.4234935057313714
PHO,9,WE,N,0.4,4.6642462820825,10.310435168602963,11.323037014037274,6734.656033210523,135777.34345556318,1.0070952211150344,1.0169939168268636,0.957227443327524,0.9392260775932848,1.0808864467915902,1.1399732695740443,0.8890521334645399,0.9240185636288362,0.9104144578584318,1.0311939589522987,1.031079145851684,1.1195362835411142,0.8945822697390639,1.1183611272815936,0.9989305474322847,0.3027456802784535,0.19725431972154653,0.18298300672751522,0.3170169932724848,0.4857286870059687,0.5142713129940313,45.41898710672239,39.01438003592173,417.9803611355794,0.0,0.0
SAC,9,WE,Y,0.45,2.9082885910818566,12.271932399078683,9.361539783561552,6769.356263216401,143865.10291847176,1.0537032105457353,1.0592342419840732,1.037067793490759,1.0738638775036256,0.9769147495014773,0.918455896478209,1.2420886269291522,0.9836429397788101,1.0605932099408213,1.0560135668485209,0.9743962506830791,1.2573497815815715,0.8765087564979852,0.8753153347277498,1.0438844593863397,0.3695205627207717,0.13047943727922828,0.22162424118743992,0.27837575881256005,0.5911448039082118,0.4088551960917883,168.1897104061892,56.09702154252799,186.94347601759716,1.2666666666666666,0.5
SAS,9,WE,Y,0.5,3.8654228790117284,6.161211508007935,9.477328324120254,4884.242369940927,99728.36200138943,0.6665969721486708,0.6917265155204313,0.7308641851277733,0.7170864970856234,0.6631642217846332,0.665541779491265,0.6301694926470266,0.6999742115255054,0.6770805130105684,0.6528019848201926,0.7202643744577893,0.6423628327576419,0.7744617608110276,0.5940058621397543,0.6772083293391717,0.147400878647722,0.20986263681627693,0.11794288295114436,0.23932063251285457,0.26534376159886636,0.44918326932913144,94.2791626181243,33.25196319662229,367.9604216551785,0.8134064321613892,0.679687426688528
SEA,9,WE,Y,0.65,4.2994503966986235,10.202917376940569,11.430554805699668,6728.563974439102,131766.94228818206,0.9924780301398899,0.9937118699672642,1.0680937330065163,1.0497223203500612,1.1526430087701744,1.1525740075031983,1.0324912485058106,1.0216031953720686,1.023397904906355,0.9745035224748901,1.0175497839805079,0.9525089074734556,1.0331902863876559,1.1133018507239898,1.015368724117798,0.31218495218649134,0.18781504781350866,0.1782765868306891,0.32172341316931097,0.4904615390171805,0.5095384609828195,44.66446097415888,30.839980327128583,558.1131955863982,0.6473153285824415,0.0
WAS,9,EA,N,0.3,4.9363658978260565,9.248114390262671,11.500716062071515,6754.872991646133,194752.87269604288,1.006782812083791,1.0207419088752452,0.9117074560451335,0.9248077081710676,0.929170013924097,0.9700240930385609,1.0137985418360793,0.9724175398498868,0.9840369521042431,0.952662498979918,1.064882358459035,1.0674135472042292,0.9716323886828145,1.0857426651700464,0.9807069699548662,0.26566473364215887,0.23433526635784113,0.18256315536716894,0.3174368446328311,0.4482278890093278,0.5517721109906721,56.456003319030685,39.69599651830846,367.44168695556834,1.1428571428571428,0.0
ATL,10,EA,Y,0.45454545454545453,1.1225210922938318,0.32072031208395196,2.886482808755568,1094.4580649864859,22671.55850105852,0.14154076889306558,0.16064473484595465,0.1280047195504433,0.12664609273467603,0.18832995070046016,0.1910266400659395,0.1359662170929472,0.13678869792006515,0.13652797474878112,0.11534677890738622,0.17582187907632627,0.14742788539342952,0.16950725941691935,0.1699338967011984,0.1411436732929375,0.004716475177705176,0.07546360284328281,0.014149425533115528,0.06603065248787246,0.018865900710820702,0.14149425533115526,51.54026738297765,25.998540094993313,342.2639424483875,0.13333333333333333,0.0
CHI,10,EA,N,0.45454545454545453,2.5914425367427185,2.9993679429927496,5.735668395223066,3006.8965442589306,27190.156667673753,0.4125993620296341,0.4331659686721836,0.42853094712869516,0.4769064228137025,0.35350355213963586,0.4030397585786501,0.426718772034658,0.39344815900609464,0.40367779604807497,0.4210912195854916,0.4366852869345957,0.4650643342751991,0.4213540144248653,0.4472153282554846,0.41171024091885866,0.07492223057614258,0.1434536778792528,0.060730093035256595,0.15764581542013878,0.13565232361139917,0.3010994932993916,85.17775165118461,27.947166733353296,211.47179450103621,0.5454545454545455,0.0
CON,10,EA,N,0.45454545454545453,1.4053921184053775,9.624221669026074,5.970942151799972,5217.559341739643,93759.54724599984,0.784189340350438,0.7518448088836773,0.8604178921406612,0.8372064711839358,0.8706276023725267,0.8603569483879648,0.7491397345135304,0.7934161802759443,0.778757514050937,0.8247474696515825,0.7089210758650782,0.7632545083602488,0.7559950732852121,1.0203888440342226,0.8013596730262834,0.2586557060034863,0.12149705439358877,0.21685299919411083,0.1632997612029643,0.4755087051975972,0.28479681559655307,37.17256251018453,25.717958014886108,353.2692840442046,1.669641931218813,1.1593750351009853
DET,10,EA,Y,0.5,3.0847356913191613,12.48119717344161,8.147550710707282,6774.783802517957,145016.4695025188,1.0350147802715106,1.0099118363337511,1.0759389305583569,1.1214016357657912,0.7055451014764468,0.7075672959301988,1.2161291322760217,1.105061820515488,1.1347288998281766,1.082649663824812,0.9461540843694377,0.9049885267989278,1.053612423963595,1.0329495005392646,1.015492393127932,0.3279099710215347,0.1720900289784653,0.22942034873659595,0.270579651263404,0.5573303197581307,0.4426696802418693,97.77331653930248,30.794044684404025,506.0077150654547,1.571702229397073,1.7263469569043672
IND,10,EA,Y,0.7727272727272727,4.0285900062525775,11.049190144192362,9.57955773995653,6783.116396711578,137058.47031393062,0.9797905485668473,1.0289947117055382,1.0294781951797207,0.9841478050395787,1.3482286136144068,1.3243835499677266,1.0906835560633399,0.9808889744665609,1.0114607543994925,1.0071192557705266,1.0037263843196544,1.1719364645311268,0.9547878376170593,0.9998042846234549,1.0078609086186516,0.3176114371529343,0.18238856284706573,0.18900464242195752,0.3109953575780424,0.5066160795748919,0.49338392042510815,93.97603955578008,62.94513686502692,410.25099770676394,0.7105331479924699,0.32282815311289775
LAS,10,WE,Y,0.55,2.5477127057789204,13.797300811204352,7.574227517337467,6798.699790514514,154007.373134364,1.0784456727677048,1.0060423086151336,0.9652890025256436,0.9466055973727849,0.8507649459796275,0.8464384013962318,1.0379826236441407,1.0973845511649378,1.078009859995889,1.089712196210604,1.0770618442562285,0.9729238781568996,1.0236748550451902,1.225747333056821,1.0353511787965786,0.35977869596920115,0.14022130403079885,0.2823413284155255,0.2176586715844745,0.6421200243847267,0.35787997561527335,68.71825757192279,39.89231099682531,471.2723613058105,1.7442974440674506,1.9356376884112008
MIN,10,WE,N,0.35,5.950662402552766,8.557218828163993,12.814309500377828,6764.875056915626,119874.87513758769,0.9693987641994041,0.9949187988490111,0.9480173501224395,0.9760383959506617,1.1612343096782514,1.1319424962530173,1.0114043473817496,0.9911361709132793,0.9957127249556922,0.970500329271698,1.0012211849485093,0.8866405514053828,1.072202359547776,0.8504559383696179,0.9746253174338282,0.26008945860177984,0.23991054139822016,0.14512280917137435,0.3548771908286257,0.40521226777315417,0.5947877322268458,87.64106426715054,26.43102256001549,250.90254258087765,0.0,0.0
NYL,10,EA,N,0.4090909090909091,3.192224417108149,10.360073269064813,10.268674615084077,6773.923985261611,182992.0239307349,0.9854971014620223,0.9704008348430617,0.9158675282848286,0.9146784279342233,1.342569189313681,1.2562828481124952,0.8142410892669902,0.9637914940176723,0.9153143725552466,1.0651553257147697,1.01629176561164,0.9563950340227642,1.0519077641954022,1.0762744845036274,0.9923055302677327,0.3096468860886801,0.1903531139113199,0.20309404865699338,0.2969059513430066,0.5127409347456735,0.4872590652543265,31.455234813944557,18.059595437572177,244.66612028256785,0.9479243932752324,0.6318123375595067
PHO,10,WE,Y,0.65,4.878447956721399,9.939933424440921,11.431594904100898,6749.1436058223335,137234.96219739702,1.0110654275983162,1.0158984460552836,0.9520709988120516,0.9216142130047449,1.059336545173333,1.1189115384482677,0.8831541821484896,0.9348946589802414,0.9158852389323524,1.0039879769136366,1.043316672737039,1.0989968268354928,0.9079591499803751,1.132944472031594,0.9991553385177558,0.3013620875250183,0.1986379124749817,0.181938674281892,0.31806132571810797,0.48330076180691034,0.5166992381930897,89.54050561064034,28.55681307957817,458.08962835451325,0.8888888888888888,0.0
SAC,10,WE,N,0.3,3.083355602968776,11.747244809003629,9.624283519538192,6774.270297628728,143095.51802560413,1.0325370633569582,1.0520715033982182,1.0796761382570772,1.1120349231860107,0.9650979790954327,0.9007621071997878,1.244919245521137,0.9766485326361286,1.0559483294376988,1.0172224499765317,0.9639238759149842,1.2473123218886688,0.8865463092527169,0.7948900777407577,1.0352254509941867,0.3715783649323172,0.12842163506768273,0.2096669191764634,0.29033308082353654,0.5812452841087807,0.4187547158912192,168.8007290400178,57.845424869290504,202.50747534830708,1.1900190389576408,0.5
SAS,10,WE,Y,0.5,3.40592321900716,6.776800229595923,9.56114403562305,5199.471570237904,105500.307407365,0.7195293650603459,0.7276743820240568,0.8046649144306665,0.7776305905633274,0.7679407479832729,0.7377680337815066,0.6305256931013442,0.7539747716047309,0.7138384782430199,0.74087146423237,0.7497128380552434,0.6962525741409796,0.8097179707905652,0.7194301032164078,0.7374601271077714,0.19451077841262657,0.18564198198444856,0.14147782043640492,0.23867493996067018,0.3359885988490315,0.4243169219451187,104.97852651193318,34.81515989951487,402.28384183771277,0.9822759321848966,0.7330707990163803
SEA,10,WE,Y,0.65,3.930710172273249,10.651457982836678,10.720070345705143,6740.019466645067,133167.8578660409,1.0007617061188614,0.9908668491061348,1.0697023485468902,1.0530683817264486,1.1011276838952044,1.102520994294318,1.03114504697101,1.0312209163209385,1.0299253104066943,0.9888964086442436,1.0171147286847004,0.9637829930833343,1.0312930552649326,1.1299936517494322,1.0187027523784775,0.3375865273831916,0.1624134726168084,0.17798697661411997,0.32201302338588,0.5155735039973116,0.48442649600268844,41.67142509990339,30.86564110684003,536.7671427709173,1.0350628921809037,0.5
WAS,10,EA,Y,0.45454545454545453,5.106930428422237,8.727246259797962,11.901501624350932,6766.118569648517,188319.88509074537,0.9981000203928203,1.0200935029126377,0.8894076252734361,0.9155545350847516,0.9253831956952709,0.9541785898176577,1.0409327621753706,0.9733767250840206,0.9923186975427544,0.9427973686823929,1.0655761857136088,1.0193219174811259,1.0085560208007265,1.0137800246462192,0.9694355912842719,0.25136154656668336,0.24863845343331664,0.1721531999957949,0.3278468000042051,0.42351474656247823,0.5764852534375218,66.46724525706814,38.61530484278318,354.25123361378934,0.0,0.0
ATL,11,EA,Y,,1.2546211439533639,1.777887356865994,4.258477145246856,1975.9805555178048,37434.8192179337,0.2848344150997508,0.2911465652767137,0.24601004895993928,0.24842460179409262,0.2547962107786803,0.2685021698878471,0.28779229835025943,0.27297533926488626,0.27741912534838997,0.23188126279678192,0.30871539944089804,0.2679690940841744,0.29177837999379974,0.28131318184959253,0.2738849077871419,0.057139958666517124,0.08624190448467138,0.038586063029561656,0.10479580012162686,0.09572602169607877,0.19103770460629824,40.332584184469134,18.812061583135765,226.96906970288134,0.5010844424317001,0.0
CHI,11,EA,Y,,2.9540387912247477,4.053278012235927,6.678732121696792,3581.692883310908,33161.048397491846,0.48993363871017254,0.5096756264772216,0.5296486766737946,0.5753025196248305,0.43621433389033076,0.4619369749254622,0.49121742836869225,0.4807948176601389,0.4839443814322815,0.4889930201418007,0.5141516090348337,0.5323614934473286,0.5217043747305328,0.5515852387797584,0.49356603546491423,0.11677658945867325,0.14399641448801195,0.06929865696870716,0.19147434697797808,0.1860752464273804,0.33547076146599003,88.76407174376794,27.955120516848346,214.8633029282749,0.0,0.0
CON,11,EA,Y,,2.097087306954782,9.680793213365476,6.878586593405429,5482.133224605549,97031.86126572314,0.8187321577685879,0.798965861926507,0.8625813142373149,0.8508168626482828,0.9332538057593109,0.927962077940043,0.8001754131363453,0.8055588219325228,0.801429415200109,0.8749313054626447,0.7512008839333226,0.8001094280500743,0.7664039854068797,1.0233412052743969,0.8310938072475348,0.2728499110266094,0.12534525062223473,0.20191804208825334,0.19627711956059082,0.47476795311486275,0.3216223701828255,47.825789174941995,16.510907907752372,324.1904771463717,1.4761658302716378,1.159375035100985
IND,11,EA,Y,,3.572650960005464,11.945054742719527,8.89012827479992,6804.476262070663,136743.15830558515,0.979686275270623,1.0313111143568485,1.0489454649014394,0.9982820038201914,1.353480867729137,1.3235490835766335,1.0883934870902827,0.9715309385423281,1.0039303186062187,1.0148141635056849,1.0014448816879022,1.202714980758534,0.9363461614357632,1.0011315502134457,1.0129978495775611,0.3317857398670399,0.16821426013296004,0.1959732909157583,0.3040267090842417,0.5277590307827982,0.4722409692172017,95.93673152499294,68.37301580420045,425.5688000393337,0.9542357656144359,1.0149925461670386
LAS,11,WE,Y,,2.6158022910747545,13.376181194057857,7.7888704186771855,6817.713654040028,157406.62279063297,1.0783062240107353,1.0052657771955396,0.9566858020570954,0.9370037541457145,0.8301177125373649,0.8402047918730642,1.0534349189642767,1.1142763747588031,1.0946543500139652,1.0969209982528243,1.056021253865007,0.9353492725733719,1.054251596291782,1.258525632978729,1.0321385532939935,0.3543215479124431,0.1456784520875569,0.2708308128677505,0.2291691871322494,0.6251523607801936,0.3748476392198063,59.27078329731607,25.62866767942763,472.99251288855817,0.7,0.0
MIN,11,WE,Y,,5.807544942537365,8.322787338313818,12.842264274421224,6781.453815154361,121117.1911762435,0.9607009785588215,0.9954839097357889,0.9670655220885968,0.9912912288782777,1.1732464947010537,1.1666886711768263,1.013486722641837,0.977203041793374,0.9862787458018555,0.9544938202735639,1.0008204180611704,0.9344174257961093,1.0530152535399888,0.8600651912210335,0.9733331029260927,0.26078443806015206,0.2392155619398479,0.14541426642973615,0.3545857335702638,0.40619870448988826,0.5938012955101117,62.37569012889125,39.682889941186694,369.5379831820221,0.0,0.0
NYL,11,EA,Y,,3.7654659466656386,10.155321055049917,10.67986196246953,6792.904097391606,180524.8890642035,0.986683453473148,0.9756245713907734,0.9078368582805882,0.9071671541967742,1.3396106005269748,1.2600924792925443,0.8182455485493471,0.9576354672162102,0.9130339196050566,1.0690892139877568,1.025831688795884,0.9668770706735944,1.0427197247985711,1.0611495256944288,0.9920980027113363,0.29845344945344143,0.2015465505465585,0.19465822636075444,0.30534177363924553,0.4931116758141959,0.506888324185804,70.22278150151612,17.544104610735765,325.2102845920652,1.486694565715354,1.982004996456762
PHO,11,WE,Y,,4.294567055491501,10.400611110437591,10.764440502297452,6771.854279878459,138386.4865018512,1.0140783119942955,1.0060419014122013,0.9604662893777367,0.915901341127534,1.0885907470449392,1.11512359494369,0.8517550352050867,0.9520141009053992,0.9174185095231784,1.0078518735083446,1.0522763459419129,1.0638276792583383,0.9349063071696735,1.1529353099354214,1.0054910508596973,0.30912706085306435,0.1908729391469356,0.203254450161777,0.296745549838223,0.5123815110148413,0.4876184889851586,92.47003496060799,29.677347565437888,484.120418184605,1.3734488110175531,1.75
SAS,11,WE,Y,,3.495358500892205,7.262036800458262,9.627211601528238,5463.004851747261,108881.04992497625,0.7521179342067572,0.762792523550301,0.8337631387221237,0.8125640776267609,0.875102891466954,0.8496521490674631,0.6518206322592748,0.7807814238903096,0.7393043906260286,0.7995182693352951,0.7763882498556673,0.735801141402177,0.8404632095015825,0.7566503287022616,0.7743817579205425,0.2095060932609385,0.18868906838790564,0.14231801248025183,0.25587714916859233,0.35182410574119033,0.44456621755649794,112.65955362760262,36.95061648268752,432.65119845424744,0.9470568258428828,0.6948510979059661
SEA,11,WE,Y,,3.640051432493847,11.005019212704717,10.160032400030326,6782.921857628525,133271.7553053386,1.005255555122129,0.9898610877594961,1.0724923906160495,1.0531561321477554,1.0627999791759442,1.0616101283065806,1.0192011361013307,1.0349964870338593,1.0290511600941064,0.9961005997795984,1.0230511526924788,0.9697827182763008,1.026582042634568,1.1322585282591373,1.020021661764149,0.3443258866119656,0.1556741133880343,0.1821864857094431,0.3178135142905569,0.5265123723214087,0.4734876276785912,94.49545286146198,29.31960034459913,485.3818902405444,1.1517520532799383,0.5
TUL,11,WE,Y,,0.0,0.0,0.0,0.0,0.0,0.0,0.0,0.0,0.0,0.0,0.0,0.0,0.0,0.0,0.0,0.0,0.0,0.0,0.0,0.0,0.0,0.0,0.0,0.0,0.0,0.0,65.06460698830855,32.45254566699479,390.6466590307128,0.0,0.0
WAS,11,EA,Y,,4.94028760032243,8.918852956385194,11.916330061134255,6782.510123277758,188986.3650517783,0.9964743704123291,1.0185160747189728,0.9086978931440733,0.942623984720096,0.9152427104659226,0.9446994944323567,1.065627587220043,0.9800559929024113,1.0043154022999239,0.9310106668503044,1.0454483841885958,1.0159351790482327,1.0153702023714868,0.975034295967169,0.9719125144978633,0.2622260569692619,0.2377739430307381,0.1683753673909763,0.33162463260902364,0.4306014243602382,0.5693985756397617,84.5336554940711,26.065044297810843,235.71217051557494,0.6393455082314146,0.0
