year,winRatio,rank,o_3pa,o_asts,o_pf,o_stl,o_to,o_blk,o_pts,d_fgm,d_ftm,d_fta,d_3pm,d_3pa,d_oreb,d_dreb,d_reb,d_asts,d_pf,d_stl,d_to,d_blk,d_pts,won,lost,confW,confL,min,attend,BPassists,BPsteals,BPrebounds,coachWinRatio,coachPostWinRatio,playoff
0.0,0.587378640776699,1.0,0.5689182241092363,0.9032256342724032,0.9369250985545335,0.6686746987951808,0.8364249578414841,0.5557764052245989,0.7682388005773924,0.8916030615713051,0.868679690363444,0.878595175436452,0.6148791924299799,0.6750332228041007,0.7959018127163457,0.779695972079035,0.7849590704548642,0.9965344494361883,0.793885388840722,0.8491803278688524,0.6838391453912601,0.747046036715493,0.8644932300533842,0.2857142857142857,0.9230769230769231,0.27404890602791354,0.9411764705882353,0.9374321874687018,0.36016178162960405,0.5231185697209573,0.5965338716215041,0.2645613039696675,0.055900621118012424,0.0,Y
0.0,0.7524271844660194,0.25,0.5998697337110341,0.8835546585713708,0.8501971090670171,0.7801204819277109,0.9072512647554806,0.5619516986159833,0.7678873647125354,0.7850975764006713,0.7415558332370863,0.7153924403344295,0.5302219123128088,0.58726294560735,0.6762723991485514,0.6998475893962423,0.6921911803101984,0.9029003400931908,0.9230915678970141,1.0,0.8861014278309288,0.5769867763249742,0.7552303969424788,0.6071428571428571,0.5769230769230769,0.7125271556725752,0.47058823529411764,0.9410516167639478,0.5445485543691688,0.2014682702873964,0.22188675241290073,0.3899297042832707,0.1619047619047619,0.12937801804558893,Y
0.0,0.25728155339805825,0.625,0.4023696248233718,0.8245417314682737,0.9211563731931669,0.783132530120482,0.893760539629005,0.54342581844183,0.8191970009816567,0.9179758483754619,0.7823006592391238,0.8000615284700653,0.6059678997860671,0.5936462384943865,0.8081088957334677,0.7515141899556964,0.7698941994057305,0.8577553230885312,0.895119096142559,0.9311475409836065,0.871654121942381,0.8988846620641703,0.8634255150718444,0.5,0.6923076923076923,0.5480978120558271,0.6470588235294118,0.9301933288782099,0.42480346282838727,0.08352982716175733,0.09220121114838414,0.5536051158038083,0.0,0.0,N
0.0,0.6286407766990292,0.25,0.7236757721182255,0.8097884996924994,0.7279894875164258,0.855421686746988,0.7419898819561552,0.6422305127039809,0.8698037655210641,0.7972696318487438,0.603023424830158,0.623360822795695,0.5525001439225907,0.6670541066953052,0.7080108149930683,0.7186354441451347,0.7151849308588762,0.7908738164149616,0.8631505569946105,0.7639344262295082,0.7705229807225467,0.5162513261855032,0.7352997172870694,0.9642857142857141,0.19230769230769232,0.931766280494906,0.23529411764705882,0.9374321874687018,0.7763534806084658,0.13177737207679147,0.4812578349419338,0.6441489604747439,0.7714285714285714,0.7762681082735337,Y
0.0,0.25728155339805825,0.875,0.767892214406508,0.8212632355181017,0.8436268068331143,0.8162650602409639,0.8735244519392917,0.7780869673144384,0.7777275689285312,0.8510295434110636,0.8197858991609986,0.8209220284455118,0.48566544909324505,0.571304713389759,0.7836947296992239,0.7432945035030559,0.7564151042565054,0.8828358880911199,0.8151977482726878,0.8754098360655738,0.7641019558831922,0.4555158760460322,0.8150224359087072,0.3214285714285714,0.8846153846153847,0.3836684684390789,0.8235294117647058,0.9301933288782099,0.7137667444386039,0.21218994693518173,0.5100768441118264,0.3481402375120696,0.0,0.0,N
0.0,1.0000000000000002,0.125,0.6661943971434581,0.9605993134004143,0.9264126149802892,0.8162650602409639,0.7858347386172007,0.9633457690559714,0.8494204853593583,0.7871262523086834,0.8067475548403467,0.849145057824057,0.543588851278678,0.6590749905865096,0.732424981027312,0.7961353449843158,0.7754444150554114,0.7440567617434628,0.8658146019236063,0.7967213114754097,0.7785492617717399,0.6377222264644451,0.771957931653269,1.0,0.15384615384615385,0.931766280494906,0.23529411764705882,0.9338127581734559,0.41576012092847175,0.1961074319635036,0.25070576158279334,0.856578749895016,1.0,0.12937801804558893,Y
0.0,0.6699029126213593,0.75,0.4569032369789203,0.680287909660703,0.9290407358738502,0.819277108433735,0.8836424957841483,0.54342581844183,0.643479068553159,0.7252516371143153,0.7399260401970047,0.7693843226238204,0.521310619668896,0.5026843148541176,0.6713895659417027,0.7609081173301426,0.7318355778079189,0.6955676694051247,0.8804668490330827,0.8098360655737706,0.8475752787948014,0.7166783116457573,0.7121658926870407,0.46428571428571425,0.7307692307692308,0.49328803085024436,0.7058823529411764,0.9374321874687018,0.5057025704024127,0.02992144392283047,0.04897269739354532,0.5953945825750092,0.09774436090225563,0.0,Y
0.0,0.3398058252427184,0.75,0.8415862848869791,0.8114277476675855,0.9067017082785809,0.713855421686747,0.8381112984822934,0.3890434836572192,0.7706988516313913,0.7658251552745566,0.8377136226018952,0.861415940162555,0.7307259968008457,0.7675909696661286,0.732424981027312,0.7949611040625101,0.7746515271054568,0.7892017787481223,0.941739882399984,0.9016393442622951,0.8780751467817356,0.7895608518131225,0.7787201265363543,0.5357142857142856,0.6538461538461539,0.27404890602791354,0.9411764705882353,0.9301933288782099,0.4618201893705546,0.31404587508914267,0.5677148624516115,0.4108244376688712,0.1260504201680672,0.0,N
0.0,0.7111650485436893,0.125,0.5836570382053304,0.7819212841160368,0.8107752956636005,0.7409638554216869,0.7993254637436762,0.629879925921212,0.7548842377128265,0.7516244239184722,0.7122195585156192,0.723982057971378,0.5168549733469396,0.6702457531388234,0.7812533130957995,0.7597338764083368,0.7667226476059128,0.7724814020797299,0.859154489601117,0.7311475409836066,0.768917724512708,0.5709132313110271,0.7242666624778249,0.7142857142857142,0.46153846153846156,0.7673369368781578,0.4117647058823529,0.9301933288782099,0.9184376855464993,0.9734289889279426,0.7406289174709668,0.17053500373446515,0.23809523809523808,0.17250402406078524,Y
0.0,0.3810679611650485,0.375,0.6249257176743942,0.7753642922156927,0.7660972404730618,0.7680722891566265,0.8195615514333894,0.8027881408799762,0.7759703896042462,0.863201598859136,0.6160617691508101,0.6074086757556478,0.6817138872593256,0.7181204497915965,0.849612977991682,0.7855671766880639,0.8063670451036331,0.8962121894258338,0.8484983098851341,0.8655737704918033,0.8026281049193196,0.6559428615062863,0.7947358512594511,0.5714285714285714,0.6153846153846154,0.7125271556725752,0.47058823529411764,0.9410516167639478,0.46646064327016107,0.7804388092678061,0.639762385376343,0.3307279596907359,0.14285714285714285,0.06468900902279447,N
0.0,0.3810679611650485,0.5,0.5807092753861116,0.7622503084150045,0.8278580814717477,0.858433734939759,0.7234401349072511,0.5619516986159833,0.788270644874241,0.7840832384466653,0.6861428698743149,0.7043486462297814,0.6015122534641107,0.663862460251787,0.8154331455437407,0.7456429853466675,0.7683084235058216,0.8126103060838716,0.9310837026840012,0.7344262295081967,0.8523910474243174,0.5526925962691858,0.7481122970655469,0.7142857142857142,0.46153846153846156,0.6029075932614097,0.5882352941176471,0.9301933288782099,0.6377654538217569,0.33548922838471346,0.7550384220559132,0.442166537747272,0.0,0.0,N
0.0,0.29854368932038833,0.875,0.638190650360879,0.7868390280412949,1.0,0.7981927710843374,1.0,0.5743022853987522,0.7573442887668255,0.7992983077567558,0.9403905841270302,0.9399495871289417,0.6683469482934564,0.7133329801263192,0.7495148972512826,0.758559635486531,0.755622216306551,0.8142823437507111,0.9710443766189368,0.9081967213114754,0.8523910474243174,0.7895608518131225,0.819649200828713,0.3571428571428571,0.8461538461538463,0.21923912482233082,1.0,0.9446710460591937,0.5269053269146927,0.4159018032431037,0.5821243670365577,0.2297367483269999,0.06493506493506493,0.0,N
0.0,0.6699029126213593,0.375,0.676511567010724,0.9294536018737797,0.7503285151116952,1.0,0.7723440134907251,0.9695210624473558,0.8234142313599406,0.8226280806988947,0.6682151464334184,0.6675359992142876,0.6416130703617182,0.6670541066953052,0.7812533130957995,0.7409460216594445,0.7540364404066422,0.8410349464201388,0.7992134786987134,0.740983606557377,0.8411542539554469,0.7045312216178632,0.7744492666101951,0.75,0.42307692307692313,0.7125271556725752,0.47058823529411764,0.926573899582964,0.502218270546053,0.1264165337528988,1.0,0.9436401390016848,0.2727272727272727,0.0,Y
0.0,0.25728155339805825,1.0,0.536492833097829,0.6393067102835521,0.8515111695137977,0.7680722891566265,0.8853288364249577,0.5743022853987522,0.6403161457694458,0.7891549282166955,0.8116369339605911,0.8025157049377648,0.521310619668896,0.5330049560675405,0.7031279817862196,0.8466277046219642,0.8000239415039978,0.8460510594206565,0.8231898830596749,0.9311475409836065,0.8491805350046401,0.747046036715493,0.7726697416409621,0.21428571428571427,1.0,0.21923912482233082,1.0,0.9374321874687018,0.5645911974065473,0.29796336011746466,0.6829908991311819,0.09043852575632969,0.03296703296703297,0.0,N
0.0,0.6286407766990292,0.625,0.38615692931766815,0.8556874429949083,0.9172141918528253,0.644578313253012,0.9173693086003372,0.9695210624473558,0.8480147418999303,0.8723306404451903,0.8654201042832809,0.884730616605701,0.6950808262251947,0.7149288033480783,0.7641633968718289,0.7021960712398538,0.7223209224084658,0.8410349464201388,0.9350797700774948,0.9868852459016394,0.7014969636994853,0.6802370415620749,0.856663320188759,0.6428571428571428,0.5384615384615385,0.7125271556725752,0.47058823529411764,0.926573899582964,0.4095715292517782,0.14785988704846953,0.3083437799225784,0.9610524168230187,0.1836734693877551,0.0,Y
0.0,0.25728155339805825,0.5,0.49375027221915585,0.8540481950198222,0.7844940867279895,0.7379518072289157,0.8532883642495783,0.7780869673144384,0.7647244419288224,0.8571155711350998,0.6225809413111362,0.6810339697866353,0.6638913019715,0.633541819038364,0.7299835644238877,0.7186354441451347,0.7223209224084658,0.8577553230885312,0.7925533663762242,0.8557377049180328,0.7319968316864194,0.6195015914226039,0.790464991333292,0.5,0.6923076923076923,0.7125271556725752,0.47058823529411764,0.926573899582964,0.9666318876506026,0.30332419844135733,0.4812578349419338,0.62673668265341,0.0,0.0,N
0.125,0.587378640776699,0.6887703343990728,0.6074503360420819,0.8175149576197354,0.8485865863734556,0.6593003112770806,0.8133320315574353,0.6480292610896321,0.7395819567020931,0.7987895952752067,0.7652027420193335,0.7609680471458096,0.5483161853186926,0.6213931298161425,0.8232560985470933,0.7087970018498989,0.7459693707141803,0.8372958059158936,0.77979018202997,0.8450986273363814,0.7048224862337198,0.7508265714828988,0.7714479485881001,0.508021189714948,0.6836694879992867,0.6152175035533833,0.5750239228224385,0.939685135007153,0.3960510710190498,0.856310471854066,0.47170274789590677,0.04609030390908689,0.11990086242856307,0.12937801804558893,Y
0.125,0.25728155339805825,0.1721925835997682,0.5338146846832986,0.8468215114345132,0.7561329525779062,0.7951195019566714,0.8085814888145458,0.5312007466609723,0.7282927941672747,0.7156453227097134,0.6127168877498115,0.6092224998643043,0.5662768744980893,0.6359363633186454,0.7066660500716043,0.6983857549585282,0.7010749093650378,0.7925781426216139,0.8434951059068847,0.8367319787011529,0.8301458522510369,0.6979638888819619,0.6812372445391338,0.7182963091431883,0.45721935938425873,0.7807608751776691,0.3973577257409583,0.9342927741485941,0.5688025371243902,0.1647623280719097,0.17704009947842214,0.35091133897674476,0.2416938876612494,0.09550580898445508,N
0.125,0.21601941747572814,0.7806148328004636,0.5234705480408869,0.7898493147279081,0.8401794036938454,0.7175118174937805,0.860170828670389,0.5203626044755718,0.769320967366632,0.8819869532810565,0.7478083431244205,0.7473584644956865,0.5810067721193345,0.5618595167237446,0.7290854033335304,0.796831057524835,0.7748296044361968,0.7796971645001515,0.8279595813383874,0.8862488351264236,0.8117017195353541,0.7514438061353416,0.8286443027145833,0.411077238399735,0.7880706663387469,0.4457472327981861,0.7569045878591508,0.9414580665704658,0.42987804371376487,0.11892280002559358,0.12646039431632727,0.40748354636369344,0.06493506493506492,0.0,N
0.125,0.8349514563106796,0.4056148328004636,0.6722996228744311,0.7404036662117683,0.6911817741076434,0.7935507291275266,0.737791168086328,0.6076356917545934,0.7761768252261934,0.7682259621234341,0.5949075857443454,0.6203055727102238,0.6301569855524258,0.7048008387979425,0.7186485928161367,0.771992401121701,0.7546681711026068,0.7690175320102152,0.7910162633160558,0.794547180223042,0.7235602655037089,0.6485700430447086,0.7193490976073065,0.7864401910851844,0.3838336403698014,0.7952988414847181,0.3817551367533775,0.9351792399302506,0.7394783571470671,0.16514641045450656,0.3198098843778108,0.61813671693706,0.31521676555479167,0.23541520391251214,Y
0.125,0.5048543689320388,0.7971925835997682,0.6990848716692836,0.7773875319935216,0.8092729409849173,0.7618936126359825,0.8451831333179594,0.7473360153594273,0.7646022969245774,0.8598689211535493,0.7274682295598806,0.7552341516078803,0.5466815389452583,0.580244728887752,0.7608994915069343,0.7630292684121969,0.762337590293065,0.9213445796613874,0.8185142675222764,0.8529604831369824,0.7541098888153543,0.7012506359274137,0.8059394441466199,0.34365926182863765,0.8606746411076209,0.383668468439079,0.823529411764706,0.9346992239551124,0.6118610764208313,0.4592815531341334,0.8632561455577932,0.14128980848799347,0.06493506493506492,0.0,Y
0.125,0.8762135922330098,0.125,0.6515154973595167,0.9708029653828747,0.853615137349586,0.8350138352771643,0.7564437415284117,0.8941561271571963,0.8546705941609399,0.7890204046820731,0.7266036438679474,0.7383922422257249,0.7377309553532658,0.847808651099696,0.7233068857503961,0.7588585668226051,0.7473126063817532,0.8408488783930538,0.8168959429921726,0.7783536590792896,0.746574647154659,0.6717470393710979,0.7712933224999454,1.0,0.15384615384615385,1.0,0.16206360809389947,0.9360657057119072,0.5228241657277378,0.23948718185453327,0.2776137533434805,0.8392372542032266,1.0,0.4216835608472417,Y
0.125,0.46359223300970875,0.5165777507993046,0.4431417684314754,0.7333468999694973,0.8431560712533579,0.8717736785350962,0.8038669322574351,0.7932773030762952,0.6710421397614619,0.7025218086336381,0.7054337240823013,0.7395956342904759,0.5296309955578069,0.5821511192807224,0.7109013121416713,0.774795544488427,0.7540449004450172,0.6664259568654629,0.7784838821082294,0.8343262687685976,0.831587971486261,0.5994817338561755,0.6893476450896019,0.6199005470861779,0.5631840262148853,0.6638723296129794,0.5228060790582781,0.9464439776225066,0.5401969045800451,0.4832418842157134,0.8550263194618402,0.1850346158320347,0.16933952402255548,0.06468900902279447,N
0.125,0.25728155339805825,0.7499999999999999,0.8241550913935488,0.752246566169315,0.9107914542128901,0.6632337290890059,0.8486080831568609,0.635051099297308,0.7453233257570805,0.763931002901167,0.8224964243159966,0.801838563495866,0.700217951874839,0.7586509541681357,0.774976092319586,0.8030011934699378,0.7938996067242754,0.8297920212140798,0.9516894401487501,0.8689857400025256,0.8011362303593842,0.7744387127434991,0.7716309622342374,0.469022214514087,0.7256683843694447,0.41051634503810147,0.7947154514819166,0.9346992239551124,0.47160212794950734,0.29019450492485394,0.2496733788622848,0.1776786365889332,0.09943558976197872,0.0,N
0.125,0.587378640776699,0.2028074164002318,0.6065928191177387,0.8594690391827363,0.8099573464767387,0.7765865279904677,0.7604873604477764,0.5530025460336844,0.7579468011804159,0.753518576291862,0.7365670757730568,0.7621726840397683,0.5640037700507681,0.6444190417001768,0.7569383923573574,0.7831232274117632,0.7746192956546589,0.7391765877486879,0.8218436480432438,0.7311475409836066,0.7859042385280324,0.5028636054977214,0.7346788725465592,0.7365164046857804,0.4375977180306979,0.7332200771256108,0.4483799606589326,0.9279403813397589,0.9642863636478494,0.9667551812523996,0.6509356116020097,0.190044186387728,0.2589369446793044,0.14565983919915904,Y
0.125,0.5048543689320388,0.5306148328004635,0.7240082912159974,0.7539366230525257,0.8151741916847718,0.8899393268919292,0.8678467609364001,0.7835687959080941,0.7610950813330986,0.8347893132582896,0.6749016025229514,0.6914280531061066,0.6928077217778734,0.7062004291276058,0.8009831365147976,0.7782580044994931,0.7856383439756747,0.8941306385301436,0.8178205068264384,0.9349626795438132,0.8485916134313738,0.6786260701107216,0.7885328324950989,0.5047365002283727,0.6872068459079064,0.5760597166623871,0.6170492544004365,0.9365457216870455,0.4690829619015557,0.21399595958672019,0.5913865758530192,0.6384988179490034,0.0,0.0,N
0.125,0.29854368932038833,0.5778074164002318,0.5063973452299091,0.8122482031290607,0.8237683355374384,0.8715578774650993,0.8179111969783589,0.7426135413516735,0.7491135833957787,0.7916598479402244,0.7277365451891045,0.7119867714434595,0.6070591707233849,0.639029083868473,0.813913462997588,0.791690770134663,0.7989079346947127,0.8521597731019841,0.8514872406938717,0.8548363952160964,0.8384021535293444,0.6887918478957971,0.7629552348231042,0.5586708814852507,0.6291236660928071,0.5005570140037688,0.6980810584473862,0.9324462764166612,0.5783788093273134,0.12083777359442344,0.31702023227990844,0.2513428358121921,0.09774436090225562,0.0,N
0.125,0.5048543689320388,0.8750000000000001,0.7170897366995631,0.7572484372921596,0.8953025040816854,0.7588203435083165,0.9023799025265219,0.6242725823256452,0.742687735029077,0.8011924601301456,0.8227109173827478,0.8559302097784829,0.6933080759601892,0.6765795830790143,0.8042234689127776,0.8440769500928085,0.8311339132726855,0.8288532000205419,0.8997392127527793,0.9408503255712447,0.7954362651376418,0.8424883385568047,0.7972740260001564,0.37937354754292335,0.8222131026460826,0.2533559845748778,0.9633847452234204,0.9446710460591937,0.5381931270385535,0.16022141579977922,0.10852173314253583,0.5245050176205723,0.07098544279167579,0.0,N
0.125,0.4223300970873787,0.2971925835997682,0.6434840424968562,0.9202703150895652,0.7642336512883463,0.8950068597972778,0.8101324383191681,0.9733649314417323,0.8126952592233783,0.8182083918276519,0.6732875458620513,0.6935056249407932,0.563956228731883,0.6491740756993192,0.8162060116573102,0.7636044554440137,0.7806876275711603,0.8337495182852234,0.8124795556970684,0.8124133658756226,0.7981883655637442,0.8066056603378216,0.7662524203858726,0.7277693095999337,0.44701766658468667,0.7125271556725752,0.47058823529411764,0.93783863727522,0.5188837955324168,0.14977486061729933,0.8206133882620856,0.9999999999999999,0.3333333333333333,0.1940670270683834,N
0.125,0.5461165048543689,1.0,0.5805295324496528,0.6617547446449651,0.816339354478739,0.8018200842217875,0.786659060484023,0.7049938312075493,0.6619728445759698,0.7733703251051142,0.7294640632167387,0.7299535154078232,0.5434982887059918,0.5240649405695474,0.7152854421554408,0.8722098072819617,0.821246183135003,0.8314802031508256,0.7983159886877593,0.8168599260744136,0.8391884679368022,0.7621681757851164,0.7454207663547003,0.30320847588597916,0.9042370259689455,0.2874728443274248,0.9267694904468406,0.9441910300840554,0.44792512874645984,0.3446800138462658,0.6022669238491203,0.057923221334224756,0.05158764404568212,0.0,Y
0.125,0.6699029126213593,0.4693851671995363,0.3696431670607343,0.8577281733914004,0.8550500536513259,0.6220797832095716,0.863835706760043,0.9656771934529795,0.8029513080196886,0.8275023676082992,0.8228119490827649,0.8381380528022648,0.6091036087064488,0.6960554372967597,0.8112735558025607,0.72558542224328,0.7534139741004037,0.8150155602240121,0.8878193707708555,0.9338231389795141,0.6545342484806475,0.8163362931886861,0.8090329975339111,0.6650878332572091,0.5145207949537748,0.6442934361674812,0.543818744847277,0.9333327421983176,0.4269838235476466,0.1612075023995556,0.3621597634439528,0.9003571819017561,0.4000000000000001,0.0,Y
0.125,0.5461165048543689,0.8112296656009272,0.5698970648483509,0.7550727707899558,0.7354171355162795,0.7604503372723561,0.8417419011075541,0.7819308363088149,0.7104733176458131,0.8230208284140842,0.5870741453107061,0.6138184679062683,0.6555709260825892,0.6444685046470221,0.7786134059007721,0.8100000965022687,0.7998067813867868,0.8306951614445596,0.7494386161315708,0.8557377049180328,0.729998418272852,0.6232821261900097,0.7581206792048836,0.411077238399735,0.7880706663387469,0.4054754178996523,0.8001255282833348,0.9355856897367688,0.9728746819112445,0.25660754471255615,0.45434984318124677,0.6614196740369886,0.0,0.0,Y
0.25,0.5436893203883495,0.46654176384901036,0.6931899535340521,0.8152621520981915,0.8494022845370948,0.6930335783176654,0.7498674807779013,0.6482199737513861,0.7638858317789821,0.7939098253357211,0.7441460060329608,0.7472073379134838,0.570745555732507,0.6073398734489208,0.7710692704454917,0.7185378199611265,0.7355982241642677,0.8273336471816485,0.7896277009223452,0.7624757648679498,0.6925687739723696,0.6873891756803427,0.7652169245937435,0.5763129559907688,0.6101245089330184,0.6367428547935231,0.5519222591426728,0.936710891291996,0.4093722668552866,0.3873184782564561,0.41204901802882304,0.3379467136881822,0.0,0.0,Y
0.25,0.5048543689320388,0.5281507586949715,0.5426360346666814,0.8164415597890267,0.750530935424337,0.7295521452579312,0.7842492288711961,0.5217541807384657,0.728055195074651,0.7626375998417805,0.6300947106991492,0.6244627328624868,0.6157166678974962,0.6702867130493074,0.6925087915025196,0.7252942654920688,0.7146466737523405,0.8399856294255321,0.8298376924051887,0.8148067688721767,0.7576704357324396,0.6797571939579277,0.7219579855121382,0.5353791675429612,0.6542070503383496,0.5796413577274772,0.6132053279351134,0.9413823353292111,0.5796844565965352,0.2069834877633896,0.33135872516942827,0.3670140030738531,0.1259020760067341,0.09550580898445508,Y
0.25,0.5436893203883495,0.0,0.0,0.0,0.0,0.0,0.0,0.0,0.0,0.0,0.0,0.0,0.0,0.0,0.0,0.0,0.0,0.0,0.0,0.0,0.0,0.0,0.0,0.0,0.0,0.0,0.0,0.0,0.0,0.5468811953351536,0.753297489463141,0.20238398301103513,0.0,0.0,Y
0.25,0.8155339805825244,0.891729118075495,0.5300660800689652,0.7866641696387653,0.819962432768395,0.6607403642396655,0.8865784417514676,0.6696609306212811,0.7559572041610403,0.8606564671043492,0.7520706934181265,0.7448412149058794,0.616216068736673,0.638577855702435,0.7480882488542878,0.7911261227538229,0.7771489049538228,0.7785830852017732,0.8383620446045297,0.8973650091042736,0.760763356460832,0.7984345254199328,0.8174188806767453,0.365671946494562,0.8369686730058564,0.3865454765306553,0.8204417189045948,0.9375858677838074,0.40100136540385434,0.10099695328889566,0.08721439527687475,0.38095491500203416,0.0989010989010989,0.0,Y
0.25,0.6213592233009709,0.3267989714296246,0.5796284018336884,0.739014857766235,0.6519216703296,0.7882741156203431,0.7527292113372022,0.6939659204560789,0.7518648987317914,0.7413228863513872,0.5668252286633423,0.5870492137700443,0.6517561503074542,0.7430688341897952,0.7367548300289566,0.7758941087526966,0.7631830202697097,0.7572222456158206,0.7992158517209145,0.8271995725455457,0.7343374671863239,0.5384873672332633,0.6960627250198902,0.8222497050387518,0.3452695484198058,0.8366568439422833,0.337368466701744,0.9326539737508446,0.7432569569898269,0.18625787971720859,0.24102121213842143,0.5819251354475956,0.36638028230493674,0.129145090822821,Y
0.25,0.46601941747572817,0.6466703676393175,0.7503572662459236,0.7547763798777197,0.7714321949306228,0.784855054641556,0.7912095780795081,0.6815914792253889,0.7506025264072563,0.8374109697315816,0.6553593358164433,0.6853354158185738,0.6353830529484819,0.6613916222999829,0.7316393546717113,0.7595760269775911,0.7505031588722098,0.8840567423772657,0.8404470296107839,0.7962463908977533,0.7542924900939058,0.7921200004097875,0.7815181183918417,0.4590199508252885,0.7364400529573817,0.5224688655324707,0.6745645908659842,0.9324170764545072,0.5725807001158773,0.11915012357815014,0.35679741761630795,0.788230696281967,0.10742303780881321,0.06468900902279447,N
0.25,0.7766990291262137,0.125,0.7059790703229983,0.9631442748702261,0.8631982524806463,0.8041603415132708,0.8148887270551777,0.9448376491018478,0.8582413551012614,0.7983358993194313,0.7548130899937737,0.7677620380532614,0.7319263837147574,0.8395100952141349,0.7452364371163814,0.758112433961342,0.7539307540597222,0.8451773896569774,0.823456916512411,0.8407954411223425,0.7367521770968571,0.6729709275470893,0.7835270214343176,0.9457342438154657,0.21228619896796008,0.9654409590618783,0.19915342520958848,0.9367578019264591,0.631845837049163,0.27996485745126815,0.3734573559105329,0.8762411090190744,0.685384055482428,1.0,Y
0.25,0.5436893203883495,0.8766200977639136,0.7799827147683549,0.7581435124093905,0.8601352311189616,0.672091646939724,0.8706228185007856,0.6324320013835664,0.7243564109150313,0.7607804156671,0.7930580171219981,0.7767001810880176,0.6637656360936529,0.6888196051276764,0.7558978481044867,0.7602715957602084,0.7588511532976239,0.82871150803817,0.8866069342237971,0.882202967365222,0.7734357578182807,0.7421080707542254,0.7600797373034163,0.41235751384165126,0.7866919081705295,0.3691583425805363,0.8391021215335501,0.9360834163842162,0.5132446495911609,0.3106603777445135,0.6450110619787874,0.2965477573088483,0.0,0.0,Y
0.25,0.46601941747572817,0.1633994857148123,0.5979622639628901,0.8359673140247829,0.824348084528844,0.7814274930556817,0.7664925227175804,0.58568410143895,0.7458939457561571,0.7268721110766901,0.7630320718764482,0.7770121678836919,0.6145948462795646,0.6688153089810756,0.7593611858331937,0.7724664397715494,0.7682103050691639,0.7120083999843629,0.8083579812478291,0.7394504982140271,0.776487871473975,0.5188726178682872,0.7258001143099515,0.6890798251288283,0.48868326524587746,0.6672193593386367,0.5192139446403212,0.9309146250549161,0.9465897139617957,0.9049715061976278,0.5285064873402514,0.13959587243978064,0.2169345429410422,0.1362527731667997,N
0.25,0.15533980582524273,0.7283296323606827,0.4947664065167531,0.7553758655548931,0.8211808907148724,0.8374509763886376,0.8315585461562767,0.6604948556293214,0.7418905703178902,0.8273805996388334,0.719052037494432,0.7292490791686651,0.6493837157317575,0.6289756133067833,0.7837699115070405,0.8022680801603679,0.7962605126682506,0.871084040983192,0.8250116052766139,0.8669170310289842,0.8129660222635628,0.7306009780448588,0.7895065100905759,0.47468947430248665,0.7195651815203992,0.4413552577362382,0.7616181894928301,0.9294720327015042,0.565788627167646,0.10465718978639463,0.283433253228585,0.2403997761735093,0.0,0.0,N
0.25,0.5825242718446603,0.526530660931058,0.6124363459348874,0.8692949237554736,0.8264077407713569,0.8185126420482939,0.7892851452002608,0.8212901666062083,0.7866190271781349,0.8225018467099336,0.7573915877252749,0.7654974883572486,0.6145713837064598,0.6865188217196821,0.8380721035744545,0.8068435631569126,0.8169855165445498,0.8289709018623981,0.8280237753687224,0.7878597335656953,0.797184883317127,0.7918205361432472,0.7916745125215165,0.612408620603283,0.5712522547349261,0.5737267585791834,0.6195530561928394,0.9449654582776883,0.5452122168791049,0.9147510008445581,0.6360914355809673,0.12060584531281823,0.14848347911920434,0.1940670270683834,Y
0.25,0.3106796116504855,0.0,0.0,0.0,0.0,0.0,0.0,0.0,0.0,0.0,0.0,0.0,0.0,0.0,0.0,0.0,0.0,0.0,0.0,0.0,0.0,0.0,0.0,0.0,0.0,0.0,0.0,0.0,0.0,0.2235718340642201,0.14545490626436586,0.6265734051148748,0.2707575366590246,0.061417581296081526,N
0.25,0.5436893203883495,0.746759804472173,0.6642276763857675,0.7533358779000525,0.8175145428879281,0.8259171581368544,0.7956366407618713,0.8202056966602453,0.7161504582760009,0.7839336284797641,0.7190791432995941,0.7250646009246202,0.49841020704221795,0.5350589084703127,0.7326219899580046,0.8241639038477856,0.7944342459364051,0.823616678887896,0.7738087492070658,0.8249266185839162,0.8458753155585823,0.7606613717830517,0.7469642327821305,0.45714528016022105,0.7384589290582236,0.41947427990137315,0.7851015224840635,0.9389346388682932,0.44520856295133904,0.05823908063994898,0.2619882532443297,0.33253911603117026,0.1487454464404656,0.07091690948525836,N
0.25,0.1941747572815534,0.5902878939772925,0.6119513470724154,0.8010506475815041,0.750956007072419,0.712442232660501,0.8040309364473157,0.6798987116613194,0.7306526379430668,0.8099783523075196,0.6174395144783414,0.6372963673984582,0.6552716383334345,0.678538757948207,0.7663486411329067,0.8041673317341061,0.7918851247487493,0.7842739480094306,0.754409310227905,0.8158835102120142,0.7188151135864927,0.6182912280088566,0.7555752545115871,0.5103806296533204,0.6811285526810398,0.5332310227025221,0.6630143154424788,0.9346877346652673,1.0,0.18523803158843538,0.2709286624089723,0.6297430553498639,0.16190476190476188,0.19406702706838336,N
0.375,0.46601941747572817,0.3680035173882747,0.7245007497247391,0.8165010770535227,0.879662411301601,0.7600757481827336,0.7900232036418507,0.6764054715810012,0.7708242623867623,0.797285034637034,0.7592835098483807,0.7796347365500151,0.5908287539701297,0.6265250408629756,0.8490280416744764,0.7233913339874173,0.7641938055759576,0.8244380675754797,0.7976266044578356,0.8093909488361439,0.7200069008231705,0.6620242277800683,0.772495306329522,0.6065941699673029,0.6125181426447054,0.646287398775445,0.6219824516809274,0.9617446695489403,0.43940632731849105,0.39056755260457393,0.450099889260083,0.3108911968834467,0.1607142857142857,0.0,N
0.375,0.5436893203883495,0.1706453377212792,0.368212090683331,0.38789230038690403,0.39645329446941086,0.37007422638349713,0.3330413786218558,0.31192036778503096,0.38125494976161645,0.3988040664381034,0.37749690966377114,0.37579761154996894,0.34874044447150204,0.38923575691896145,0.406617568150258,0.4338867621284442,0.42503066797394945,0.4207599042247645,0.405509307178916,0.37597923589737586,0.3477078301738062,0.2432137288698524,0.39015218304743055,0.2925348646650501,0.28003337472209927,0.27435565297817843,0.34798264947084384,0.4529350719267274,0.184559286536744,0.2772745566517277,0.5818840090743804,0.28549298991519567,0.1607142857142857,0.12937801804558893,Y
0.375,0.5048543689320388,0.5428257866228778,0.505492066239635,0.8352302772435365,0.8086061618919579,0.7205473733714931,0.9497020487772149,0.8089236465970372,0.8202375094294859,0.8895093669212373,0.7153951601713875,0.7163638495555894,0.6622416141575254,0.740856986262544,0.8409485391068718,0.7912682173260166,0.8074026732130811,0.8077629368851624,0.9260161123513054,0.9500374206393882,0.7776226515945487,0.7916327303011783,0.8333337561427456,0.6055698021610993,0.6136213079744632,0.65959193479573,0.6077036177085087,0.9655155575339456,0.4593232989121849,0.2920011830583298,0.2331188576736048,0.310176010229278,0.2577009086368776,0.3881340541367667,Y
0.375,0.3495145631067961,0.29185127431961083,0.5465854591328658,0.7495882479610759,0.6482666513296953,0.7461857021653986,0.7555159985172331,0.7406758392014512,0.7685914100313096,0.7843216834269817,0.549923381040582,0.5700694634250812,0.6978295169249114,0.7680252719225851,0.7325625599841908,0.8011352680931543,0.7788652164030506,0.8052528516278518,0.8198236155802434,0.7894586132856636,0.7142799065867289,0.6306290804290642,0.726226346126143,0.7731202339353139,0.4331823814483858,0.8051125267375756,0.4515264786682843,0.9578868328863798,0.6756639090922912,0.39272609373101036,0.7861805105495052,0.23837680803525804,0.27457620518612624,0.09649934930682834,N
0.375,0.4271844660194174,0.6368091750943692,0.8113216007317829,0.8133774808346347,0.8198318467617172,0.8375263785983762,0.794902746213026,0.7114516926174732,0.7827762667556233,0.8426850017832285,0.7205409647328553,0.7297245353752558,0.6645763381575213,0.666146918139564,0.7419956499305418,0.7756781561227897,0.764739239246973,0.9154576358874855,0.8404739440152259,0.7725908080000995,0.7850535598873285,0.901507143946478,0.8017850382366614,0.5101719695603028,0.7163574353907056,0.5840142721549532,0.6888158710953064,0.9610518099581221,0.5674748100720239,0.1200172621169274,0.38720523319573413,0.738512753861553,0.0,0.0,N
0.375,0.8155339805825244,0.125,0.7388477805039161,0.9627321261097295,0.8782109340722861,0.769919931816606,0.8047370923978643,0.9673103144662779,0.8673410159952899,0.8347769922403724,0.7851208861185252,0.8103796427315442,0.7962620857247243,0.8496279733390772,0.7571821611748734,0.8347270272540763,0.8095431279520116,0.8957922328739153,0.8451565304465746,0.8177553596303547,0.7433539806518963,0.7177342890965944,0.8208569056941232,0.905420358220949,0.2907053245253942,0.9501171540039676,0.2959030886596087,0.965064306550951,0.6288802676936529,0.20765257046381647,0.31759872319084587,0.7484407080780192,0.47916370281044474,0.3034872114412058,Y
0.375,0.5436893203883495,0.7052375276957956,0.7764929693156752,0.8457962014436318,0.8478392525927726,0.6979496558774897,0.90263827701977,0.6284605752356612,0.7753502195071738,0.8198502357982719,0.7829713263084108,0.7767214188963658,0.6476023350940546,0.6992483340949064,0.7863225681585865,0.762698620808046,0.7703708645202939,0.8533410363397447,0.8868435747718661,0.885079648585043,0.7655359785550215,0.752646490192433,0.7980381308728821,0.5172473459429262,0.7087377992863418,0.5503511977733413,0.7249441095670096,0.9614027297546264,0.49635707968128806,0.21083460917499358,0.3608748228009357,0.2561608140436553,0.1607142857142857,0.06468900902279447,Y
0.375,0.5436893203883495,0.43033453336193744,0.6612049918920346,0.8486707758637204,0.800232666391403,0.784944667956819,0.778363785749913,0.6788580269815268,0.7651776421095395,0.7750620582827124,0.7562257954480889,0.747855066576771,0.6491927715016268,0.7035969859932243,0.7759891528065876,0.8142289868815537,0.8018100070139763,0.7730050796872023,0.8126827311158424,0.8043033327344588,0.773773522682647,0.5480815040984197,0.7608946029869125,0.6355421240061291,0.5813434229105852,0.6379540178941024,0.6309260902905113,0.9585860188039907,0.8984357658247273,0.11748540720485626,0.6039890161958705,0.6861708338606711,0.16818924500087953,0.1362527731667997,Y
0.375,0.5048543689320388,0.7950726041460573,0.5036937539628095,0.7555203229581983,0.8445503128174214,0.8812654015792641,0.8207276277742077,0.6718542428755973,0.7396473523891073,0.8358342577272051,0.7374505714828624,0.7469543999362693,0.6296271648664314,0.6121726456028802,0.7637381143882144,0.870545012367116,0.8358578138526557,0.8619752801941574,0.8538836035141548,0.8827175666774172,0.8886143590361958,0.8016515962110338,0.7978785186801046,0.38869551462895063,0.8471782330090849,0.36522179402908567,0.9236306338807297,0.9627409940843888,0.5686976982025698,0.020448148761308904,0.42533288876808556,0.47058018553767145,0.0,0.0,N
0.375,0.5436893203883495,0.45757599210516725,0.6509837902354382,0.8974163316719577,0.8336453809170277,0.8531266477862269,0.7838781408336948,0.7903899942355765,0.7963262559858906,0.8248671839240737,0.735352576131893,0.7505144578604821,0.637014621329723,0.7132444403048109,0.8399908964547147,0.8409778042670076,0.8406572906312008,0.8443519780711087,0.839159226374479,0.7635445913109667,0.8551782205996259,0.8211939733302251,0.790314334412173,0.6425162864974493,0.5738327863814708,0.636888466946782,0.632069672076659,0.9645959242534006,0.5774247057197457,0.9999999999999998,0.657433235038229,0.15917338173851872,0.4285714285714285,0.12937801804558893,Y
0.375,0.1941747572815534,0.3412906754425584,0.21126923235928827,0.3192652010876825,0.4353212645154315,0.25631066790264434,0.3936641180484147,0.4692855983792807,0.3542280678364012,0.4001888027799024,0.40345445747955105,0.41600181367715733,0.30210654782705704,0.3500217067816034,0.43217003827991907,0.4183908063381426,0.4228658258620277,0.4032599443745482,0.405509307178916,0.4102948010784856,0.30972294116322235,0.386930932292947,0.39306739238526933,0.19502324311003338,0.3850458902428865,0.2494142299801622,0.37475054558398574,0.4496409986763512,0.3180568041079073,0.7467862722541794,0.4622299108984285,0.22698613267144754,0.14285714285714285,0.0,N
0.375,0.6213592233009709,0.691352489925424,0.6973160478292006,0.8193060059644995,0.8305929766933883,0.7680697640899143,0.7904088672419985,0.8347605113855865,0.7721577993859546,0.8167738025512152,0.7189242370939216,0.7251303768665543,0.5656028370293835,0.6089214184395962,0.7903031422422494,0.8172871658004444,0.8085236851676965,0.7957821477560466,0.7671850050593936,0.8150756363547421,0.7962458652242324,0.7019536008173731,0.7753431090789085,0.5416542495702584,0.6824534415338303,0.5029463857884577,0.775820400088818,0.9629564913754665,0.46036936303416165,0.12585560198710538,0.30275385013537226,0.5725902763135571,0.15425251744832813,0.07091690948525838,Y
0.375,0.5048543689320388,0.7198473432721767,0.672181763382583,0.8602269023119914,0.8134571850425105,0.6801898235205841,0.7926811737896641,0.6487071712241692,0.7707852028555731,0.8609693852687623,0.7139679588871277,0.7331406192315459,0.7038003886877054,0.7197885300443461,0.7886847526850891,0.8555497023775236,0.8338342717496343,0.8770596487805098,0.7535826506126845,0.8190995193042875,0.7335792538360761,0.665826479354726,0.8163138095606307,0.42439719554960537,0.8087302689406874,0.46517194914854226,0.8163610779719579,0.9622891955362829,0.9750429739020566,0.26092889137264014,0.2813974639761621,0.7139491247699562,0.0,0.0,Y
0.5,0.07766990291262138,0.4781664805360758,0.703929921232879,0.7658419495414722,0.8675952258673163,0.705402609697429,0.7976249650600444,0.7411683961337753,0.7555553667984692,0.8033656541551398,0.7398079067008865,0.7542009137188124,0.5858586079440015,0.5966980161680734,0.8702093123629537,0.7294062133242427,0.7751342059935158,0.8408698779254737,0.79545193290535,0.8039600387338636,0.7120725139377853,0.6750381684013255,0.7721123970601896,0.5915202417309174,0.6467203742463851,0.5572088580700562,0.6579466082199915,0.9776982921201791,0.4485813589795804,0.7994350643050674,0.4648477809165405,0.0,0.13879932373623663,0.0,N
0.5,0.8543689320388349,0.15107921134415192,0.5054206650501011,0.6235489099787985,0.5701117560457011,0.5974880653078833,0.524242318821112,0.4323330483834218,0.569583811007026,0.6009142472650851,0.5251693424854149,0.5297827829443574,0.47619185221701227,0.485066141349767,0.5525558773472298,0.6289308641579343,0.6041269013130858,0.6453502724621564,0.5896892044377958,0.5507109409302654,0.5372071055006886,0.4331496467093916,0.5744110149560141,0.44270244606590337,0.42378353811436914,0.4856748059055708,0.3501081494838752,0.6869927416136135,0.29896025967129203,0.15068606738205648,0.42574725834015376,0.5255432940825837,0.16071428571428567,0.19079559934167042,Y
0.5,0.46601941747572817,0.47088633531560414,0.42085366702613275,0.8735116081633838,0.8269976306212862,0.7693240757145011,0.9134338045282581,0.8539409539222598,0.8250640621574385,0.8821456108399292,0.7370883742784335,0.7296234016713994,0.7431661340273964,0.7878876952965453,0.8205924840611543,0.8195284713949299,0.819874026029262,0.8306259060084284,0.9447467479870026,0.9489673091030212,0.7855889696139863,0.793348066781824,0.8393675260284049,0.6062441008761005,0.6308639105515728,0.6352938784019504,0.5741433820607238,0.9767497913651622,0.5354486102430968,0.42324227045763513,0.3209548607629544,0.39810273005429975,0.18603213498895305,0.18680266767456988,Y
0.5,0.5825242718446603,0.4882392585847233,0.5384684746931211,0.7451784922745596,0.6830035651065935,0.7387828042451811,0.7815237603901649,0.7064179266781514,0.7670844577010552,0.8107423685618854,0.5873560241345567,0.6050110568372995,0.6890115257388506,0.7356883588521672,0.7691320213823994,0.8201325076655246,0.8035693078580904,0.8463932592395096,0.8423928001195531,0.8136532284665956,0.7321958937254104,0.6961526042816841,0.7522369901220249,0.6407366096102725,0.593718131914772,0.6244582010776384,0.6362026237659273,0.9723911617152939,0.6193299004978777,0.21913004976490041,0.2406094889517914,0.4924094161059577,0.16602973316488742,0.09649934930682834,Y
0.5,0.6601941747572816,0.6853290479970161,0.767433857572416,0.854702079386383,0.828341850126374,0.8155012858276339,0.8054728794037741,0.7611918607602169,0.778352440621692,0.8310438806659491,0.7721649119447216,0.7824927970396037,0.6108044455638679,0.6213879320303958,0.7180091220140583,0.789480691864006,0.7662691898127529,0.8914399486731985,0.8245003538189716,0.8180701808070636,0.7691915194996936,0.9368314236815847,0.8005940929854771,0.521120824597482,0.7225351311593157,0.5216294514696785,0.6961315128953137,0.974199453866781,0.543147888530691,0.3973661451604958,0.7011842043921954,0.5604887751357865,0.11278195488721802,0.0,Y
0.5,0.5048543689320388,0.125,0.6836965842724322,0.9899247924523314,0.9135181122570113,0.7781658473506234,0.8421746260052105,0.9444343009247576,0.8714095857251372,0.8313085004276262,0.8377057046735622,0.8632905249821532,0.7872690531748943,0.8349841115590961,0.7873844013068317,0.8428483875835054,0.8248355968481886,0.8931053368108842,0.8848445818676476,0.8719832569403447,0.78458850656993,0.7068678039260076,0.8291877336396754,0.9000350664960354,0.31447363988395044,0.9187564348715779,0.3203527803506626,0.9842494135030204,0.6601739312273864,0.26704636663483866,0.4062822476995415,0.8395778925143239,0.0,0.0,Y
0.5,0.38834951456310673,0.5636793856392901,0.7860737438870136,0.8528468276512866,0.8561725913900989,0.7305903725465546,0.9588301026482084,0.7270107129537037,0.7691383270093601,0.817997363368777,0.7896700391351272,0.7956682545549281,0.5457182572837517,0.6252509571930512,0.7872891841244598,0.7946485277040967,0.79225846660773,0.8516496038091483,0.8926748379363768,0.9736928755577864,0.7828119274940817,0.7762804113409375,0.7900624827957518,0.5710906798587824,0.6687214408779152,0.5963743030167411,0.666343119992063,0.9743999499523565,0.49590953847231095,0.17005242844375057,0.3074735318023117,0.16720975295156457,0.16071428571428567,0.02442273173035509,N
0.5,0.5436893203883495,0.3530331386068925,0.7675886515118759,0.8636239450515691,0.7878534444469821,0.7183201984048623,0.8104806205650934,0.716098913561853,0.7764323897590292,0.8198003848072072,0.7331705599019469,0.7318357897364162,0.6230244415393394,0.6865645618508186,0.8316185271993453,0.8326469801355076,0.832312974075651,0.8122006528472496,0.8006282948662585,0.8642975157466335,0.7379750624273672,0.6333687510352931,0.7851647223328888,0.6386777472797253,0.5959353682707459,0.5994366584665867,0.612626444483114,0.9758936144805285,0.7985565572650591,0.14992461975964927,0.212899684785825,0.38566830728162693,0.22448979591836732,0.08625201203039264,Y
0.5,0.46601941747572817,0.7221700420853194,0.6156803098964345,0.7837013859049148,0.9038620500913365,0.8676050881107193,0.8043248794438786,0.7465092977377863,0.7690767563496567,0.8184337144851134,0.7944012786249732,0.8075909314128336,0.613755677792382,0.5878137960404551,0.759734307175683,0.8552592775362075,0.8242360601908445,0.8193128654074122,0.8647076798848218,0.8219625210564795,0.8765275459904022,0.8146930423243756,0.7968365182017971,0.4823341757442161,0.7643053683859097,0.4671071259818412,0.8050765982697272,0.9736130714997758,0.5562465578655144,0.2544374047824993,0.3998741296545589,0.287864986187362,0.14285714285714285,0.0,N
0.5,0.8155339805825244,0.4757612776421735,0.6025383958784033,0.8774209947081413,0.837360695045378,0.8928443622487542,0.7984511728337951,0.763939644492832,0.8032676736724295,0.8204289673708323,0.7512854127369365,0.760707122341513,0.671454708244186,0.7208070363053557,0.8043474393498439,0.82074914644502,0.8154224373957712,0.8500973960169348,0.8483012852997946,0.7749551199097405,0.8966458042743456,0.7737892984558689,0.7934301272009943,0.6426623964605507,0.5916442076144723,0.6458168933137086,0.6132798236140206,0.9793273407316205,0.5803248511627572,0.8920961637692442,0.6869188104761343,0.15359418700355112,0.19598238258960723,0.12937801804558893,Y
0.5,0.11650485436893201,0.5700681281740332,0.2767589993507391,0.5288280523210932,0.6024577828010276,0.4976293451522985,0.5957446070161736,0.548713539386533,0.5324492820313208,0.6147494558790696,0.5211373093868391,0.5343432960988523,0.5011161438125523,0.5208063786009651,0.5859926209338103,0.5964201269181552,0.5930336324413551,0.642519049057257,0.5879762680562087,0.6279394958647362,0.5155046491744786,0.5569170146968706,0.5852302422935505,0.24920758596066767,0.6321626182276998,0.28346853581250514,0.6175521499797783,0.6835592026957829,0.4239438943982684,0.6853791697506839,0.4765630495481062,0.16248315070061595,0.1336152309397467,0.07740569255583095,N
0.5,0.6213592233009709,0.5021643049793222,0.675762343803203,0.8559812913191648,0.8491354233841016,0.8287540086801274,0.8123024966074329,0.8237024516542827,0.808289775426259,0.8366753341275457,0.7062695623891496,0.7256901399348121,0.58863535664002,0.6153707385952185,0.768632928617329,0.8087236657271555,0.7957035763599472,0.818046922856907,0.8254505332844485,0.8198568051870784,0.8175604001906953,0.757731143864208,0.7883852951760325,0.6156536813614389,0.6207305161827463,0.5927843415246599,0.6701959761934856,0.9737361946855964,0.49095250902176857,0.135287860435448,0.2804431492150257,0.5465388963202064,0.17413228501142478,0.24577507167821078,Y
0.5,0.46601941747572817,0.6256085640915865,0.5628431726078956,0.8196340390624077,0.8320223529807678,0.7178611282980432,0.7593863234590199,0.7094606834384017,0.7906333182214736,0.8675786564021193,0.764217742611089,0.7797105742624943,0.6809633257278099,0.7019720370476102,0.8022436526200664,0.8763891370110392,0.8523092396945893,0.8838360348378288,0.7885589847887259,0.8010744090150915,0.7576726100130101,0.6694001878681881,0.8301009555782007,0.5027321337515939,0.7423383366856565,0.4772240630175275,0.7437887305707219,0.9749064272756339,0.9210534781186945,0.1289512601027793,0.34757493458342054,0.33584465079974646,0.15056426802602674,0.1362527731667997,N
0.625,0.27184466019417475,0.590728783164126,0.5961469523945452,0.7833607873959653,0.9039215829170476,0.7675233252888493,0.8409247523301672,0.7232135508527874,0.7475646648468975,0.8281428476708216,0.7769748703453841,0.8041864082525995,0.5720453536779716,0.5736276831327375,0.868757355660133,0.7677349687203515,0.8005435574584782,0.8360916652100866,0.8267943741303206,0.8362616738932692,0.7721705153495115,0.762699809192087,0.7965126978208074,0.4353129162922613,0.8248610498539989,0.4172605122296506,0.7752279705187506,0.9892012403488356,0.42359409876852655,0.3383066920936621,0.4951890092542753,0.28918163885009296,0.06122448979591835,0.0,N
0.625,0.03883495145631069,0.0,0.0,0.0,0.0,0.0,0.0,0.0,0.0,0.0,0.0,0.0,0.0,0.0,0.0,0.0,0.0,0.0,0.0,0.0,0.0,0.0,0.0,0.0,0.0,0.0,0.0,0.0,0.0,0.4128221757175052,0.30880384950488654,0.09162339098461439,0.0,0.0,N
0.625,0.8543689320388349,0.1402801896289109,0.5237800129345591,0.754292321366901,0.6735759569332401,0.6444268480220299,0.6227878836855641,0.5857331085155701,0.6937549986198687,0.7028032595117149,0.6127472171028042,0.6147709496188308,0.5040999682564268,0.5485301792219021,0.6775848078363342,0.7224796087043078,0.7078993250387136,0.7208415152320573,0.7178179889882789,0.6729451112908177,0.6085607099126111,0.452471042882818,0.6672654476694861,0.6438937176729645,0.3757118498361875,0.5796110610690797,0.37563923179489955,0.8101798585082454,0.3750976005489956,0.1805936186310667,0.3890657193773836,0.5789822761250647,0.263661026376671,0.20420668606879655,Y
0.625,0.737864077669903,0.482941879978673,0.3918387451280093,0.8335490223328953,0.8986353929391185,0.7513442948918074,0.9339172453527923,0.896686795897244,0.8104105416566949,0.8461596585414748,0.8131743765563425,0.8106189803474068,0.7195646716292426,0.7629629376844451,0.7567878178608062,0.842419534983136,0.814609305239893,0.8141651444815152,0.9639097797539578,0.9252965163926705,0.8059388919540148,0.8068696355755994,0.8288444534357595,0.5918274970313759,0.6563068859811061,0.6218831892559723,0.5556206705876596,0.9874464975676663,0.5749981510605945,0.0,0.2195361056760614,0.6922350401614675,0.15524467188363753,0.09219077950051438,Y
0.625,0.5436893203883495,0.4413485303208703,0.4406106498857288,0.7536052602192805,0.716323179669121,0.7396859457821824,0.7546790203231122,0.6823959521769489,0.7854619646894637,0.8312049043083428,0.6269124715227852,0.6385235157149021,0.6767645885471247,0.710571950127988,0.7276473386040608,0.8145717566112364,0.7863417021838112,0.8704843851553079,0.8713964160451242,0.7441897378037734,0.7487312956492603,0.6870472349213986,0.7742564020371865,0.6564034572830016,0.5867635441716631,0.6155344081487436,0.6406980180262737,0.9818952070484106,0.5607278970319821,0.48347328769257786,0.6967020133843587,0.24615007132699504,0.17210535364269974,0.08959520519992116,Y
0.625,0.6601941747572816,0.5050656274296924,0.7352770763348322,0.8354252312382964,0.8488185939260035,0.8968884983524382,0.8050221914035611,0.6889178068042023,0.7718361379316447,0.8124382076070239,0.7628645059512051,0.7846865592141264,0.5848164648707963,0.6065964648364792,0.7027484628835746,0.8082820771179065,0.7740083972698327,0.823487052266229,0.8382985557878241,0.7970110102120688,0.821590489728282,0.8330943925144213,0.7834307727678176,0.6158963587469263,0.6303865733643595,0.6233733437794603,0.5540213912891038,0.9859522176955212,0.5518632962305398,0.49827498543254817,0.8666868370868177,0.6225298886028163,0.1753259699102426,0.12937801804558893,Y
0.625,0.8155339805825244,0.28028204015737934,0.6367788492862313,0.9540239333533804,0.9362698036591549,0.7852114595826808,0.8370006157035781,0.9011232828610108,0.8490614922017903,0.8306542230501596,0.8464823397667393,0.8660711223037583,0.7970657256260408,0.8321882648584155,0.7969770677784374,0.8385785149126842,0.8250677990081787,0.9158551993080785,0.8791708286767835,0.8462490098324706,0.8213058234814792,0.7033852926498537,0.8314277192769206,0.7787526669905318,0.45500285679432284,0.8106639605772062,0.4312790290445948,0.9843468705006394,0.6335911701628464,0.29760740428448645,0.5566638678092686,0.7629797195581811,0.2857142857142857,0.0,Y
0.625,0.2330097087378641,0.6408320392961095,0.7608459650984648,0.860132183584398,0.8411831652872318,0.7498528244012167,0.9360754786291687,0.7507177453193482,0.7724039580825739,0.841336027493246,0.7562491756194922,0.7670002830141122,0.5577516291473797,0.6148071319778309,0.8090527394786862,0.8113099873781366,0.810576911074394,0.8707946881541445,0.8898259719101597,0.9438565573174997,0.7823762461303588,0.8169891802509559,0.8001032858211353,0.541653064379724,0.7103408903751929,0.5536877786054545,0.7070737077651634,0.9815734323498293,0.47656185362080516,0.18084142605136377,0.3854018475581958,0.16570262259436505,0.1265960909116753,0.024422731730355085,N
0.625,0.27184466019417475,0.3621292960814954,0.8189806304272521,0.8440466258287515,0.7951685161078772,0.6877847574143809,0.7974819632563801,0.7059678769290609,0.7919577255083485,0.8411323762700007,0.7278694231096314,0.7377298224510072,0.5956663749700012,0.665269423202678,0.8360369020723695,0.820931696098337,0.8258373462776595,0.8033695203904272,0.7945267290018028,0.8797602232536175,0.7055874690093858,0.5873870971475583,0.7967914914282334,0.6404083741380884,0.6039890183277237,0.5554820572501291,0.6268843913251975,0.9869448510653833,0.7505119755455599,0.4678516661774826,0.46316181952103347,0.10929053369601746,0.17408860324529332,0.0410890666155475,N
0.625,0.5436893203883495,0.6819333424128212,0.6896946743998472,0.831837059491556,0.9088468442943453,0.8114230615899835,0.8322811257905479,0.8951114023875453,0.7941965541683979,0.8386515339164636,0.8184101517754212,0.8390252325580098,0.5828555982630221,0.5637966390781509,0.7676340591500311,0.8439052917562623,0.819135024700313,0.8054595699192422,0.877300604579693,0.8413789616678619,0.834626738568878,0.7590167700316497,0.8137990468168689,0.5192268678200974,0.7344921789778677,0.5460360546743193,0.7152857713387355,0.9781148828602626,0.5294556623289534,0.30575854564258254,0.3798730426308851,0.25514272433570595,0.0,0.0,N
0.625,0.6601941747572816,0.33051613950754505,0.5727486385961458,0.8718153909736862,0.8628089992561362,0.9022930832313006,0.8169687207508948,0.7237700613877175,0.8095727272371027,0.7961382334766767,0.7627786276069295,0.777511328307457,0.6019021541217493,0.670794829986139,0.747269609643416,0.8183367067349979,0.7952565634922919,0.8186501094375076,0.8958179856739913,0.7731069254768389,0.9388094572354445,0.7853500021979276,0.7733382978653726,0.7462643982128732,0.48999022317026286,0.7642243712423717,0.48111941316985873,0.9814629564005625,0.5781037373364174,0.11820126388200342,0.5639872992556061,0.6157169573168905,0.2855733016378717,0.32724254507800704,Y
0.625,0.3495145631067961,0.6963359766170856,0.3690531774741819,0.6037635710084371,0.7066754307236839,0.5347811125805905,0.7226401112589749,0.5516381692977136,0.6235376872952786,0.7373709321138755,0.6178083994623845,0.623540453136177,0.5556038389811117,0.5747573618831465,0.6981868377981426,0.6917614287504771,0.69384818010634,0.7662635790673586,0.722330065711277,0.7521358755848693,0.5872036528521415,0.6985208385662401,0.6967424774415093,0.24953571307713934,0.8004050855547685,0.23417613948492239,0.8246341705599817,0.8081680980654027,0.4698217405833652,0.7003236863642215,0.47254032577329813,0.13986069118104746,0.06962075379101289,0.07740569255583095,N
0.625,0.5436893203883495,0.39774673769383745,0.657763201246327,0.8545020355669571,0.8550163849561309,0.7362753457924939,0.836257038730485,0.8866409144096101,0.8371088860288454,0.8648803998567937,0.7445016683018133,0.7534375328805704,0.5902774555934992,0.6374328759989293,0.7880122170550387,0.8074009139423305,0.8011041335789588,0.8725697482071079,0.8647791218873048,0.8428605064450481,0.7701649341992487,0.8312705599868806,0.8166582312344132,0.6564957701543757,0.5866641303101833,0.642368097458191,0.6118992839755043,0.9796857755012467,0.5354731476470972,0.1538128242026756,0.2979631602218362,0.6850161246578832,0.18601560906790016,0.15955721870812972,Y
0.625,0.5436893203883495,0.6253565665616982,0.6410375542298377,0.8311692851098228,0.8667549198014227,0.7448890654684975,0.7486912647828351,0.6100228742369687,0.7925654590854886,0.858205774190149,0.777779477226237,0.7861051306115071,0.6757390675214047,0.6974251379033434,0.7399712399513262,0.8815698596662197,0.8355835093052689,0.8951921183441476,0.8139305577285908,0.7476808817984358,0.7789468788191237,0.6638277049547486,0.8260677862618496,0.5311783284023281,0.721621375273927,0.48387591821242554,0.7037342844117663,0.9848676907352145,0.8208419071368884,0.1523199629078913,0.46259873777782395,0.35824048399159336,0.13866783554028983,0.13625277316679973,Y
0.75,0.38834951456310673,0.3550059227169226,0.32051980979363315,0.3385244053008538,0.3593377013872061,0.3385082292343806,0.360564916929546,0.3131808183508778,0.331082206741845,0.39960365468657766,0.36037653623692123,0.3664216717311002,0.36154990487460253,0.3470380670844045,0.37541243106205385,0.4097162679615554,0.39857556429112656,0.42263129161040547,0.31561086243179276,0.348521037009213,0.3484381396050254,0.2956998105379273,0.38799782748408346,0.07245018830957604,0.45253502236442883,0.08894992891794529,0.3818551101492949,0.39942619836976745,0.09258629256427121,0.2275920018326879,0.14950420698335337,0.05990307954928045,0.0,0.0,N
0.75,0.5436893203883495,0.1340806949791954,0.6162436408228765,0.867258818084535,0.6828572641778181,0.6909262526802021,0.7217802529552404,0.7314221757148487,0.7948393553520352,0.8077994545394154,0.600867173637159,0.6142731977645115,0.594239170017863,0.6548891492981999,0.7691720090569911,0.8023867895327986,0.7915997738457956,0.7865660430169495,0.7757016126199704,0.7630707107263961,0.6781799306737931,0.5227030182635259,0.745552133728603,0.759393458740908,0.3481148894686781,0.6780128835950735,0.3425642084685265,0.8823675089926206,0.4254763463673533,0.12559161658557239,0.059965217807560256,0.5061603183543648,0.3356069114467696,0.20042991850835923,Y
0.75,0.7766990291262137,0.3884324547886805,0.48042719022993646,0.875784916564297,0.9131040486988093,0.7068050368639204,0.9224141116815855,0.8761282603919981,0.8419220394190157,0.8485470116305744,0.8330490856028057,0.8312283764507107,0.7439783010159613,0.8166373541309773,0.770676120862824,0.8627070343444491,0.8328185662228972,0.8053937431822742,0.9689661541535234,0.9156983035686511,0.8085033534004763,0.7456354656428393,0.8368099959541208,0.6849814870578596,0.5616805794827826,0.6808968371271134,0.4733893325021396,0.9877133403192219,0.5978585463235407,0.04693983942880378,0.27310596710857155,0.8394483593828764,0.2046520199329402,0.20879215092486456,Y
0.75,0.3495145631067961,0.4144295346323305,0.5440944201040665,0.8016729252350426,0.7546443917733334,0.7475367288431839,0.8357379415133541,0.6159910567820294,0.8242439268142286,0.8758750833182473,0.666813283623857,0.6856422339041894,0.6697338756179756,0.7434176530691962,0.7662354911254047,0.859020871136948,0.8288873782951671,0.8741388881806808,0.8988553822762514,0.8386657163827616,0.7829728045451018,0.6276083990703064,0.8137553460460322,0.6509074323090981,0.5983757153660642,0.6104114434972535,0.5955468419740282,0.9902882399253693,0.5430053704988174,0.48650818345669095,0.7086778438372632,0.3200264566133817,0.5238095238095237,0.06468900902279447,N
0.75,0.6601941747572816,0.45229526391033986,0.7664492661399595,0.8296794114003981,0.827519064944968,0.9656081356551307,0.8396568398169759,0.6424158765936617,0.8058802699197528,0.8462032086968236,0.7264469920493967,0.744623943455437,0.5952057968738923,0.6479593391359736,0.702902441692971,0.8486132473293284,0.8012914007402748,0.8333201259288375,0.8683774296061786,0.8181772007860786,0.8900975413106462,0.7538277912781062,0.8000025275366581,0.6703050294929224,0.5774859953219457,0.637307440126941,0.5201708032557494,0.9882937999230489,0.525178295902466,0.5040045406925284,0.9850834274777938,0.6242366735212289,0.20118328034271088,0.04884546346071017,Y
0.75,0.2330097087378641,0.21728084707459452,0.6038645024002315,0.9726535614902787,0.9184088429287216,0.8283618434157551,0.8627660475062191,0.8587211988119446,0.8717355621753824,0.8529132205014416,0.8561495136095801,0.8736416720090067,0.8279982856695443,0.863603640286921,0.8064461553497253,0.8537545972764637,0.8383904462003156,0.9275586623013287,0.8661859124484743,0.8806941314194652,0.8501999093762909,0.7334202012129677,0.85162980620045,0.8250472552661399,0.4108405214123268,0.8153227570617112,0.37562976850403823,0.9858712972144902,0.60348879913361,0.2303879988952211,0.35631512897778056,0.6916090101978253,0.42473017317119266,0.30348721144120583,N
0.75,0.2330097087378641,0.7358389112508807,0.7027103353822783,0.8377114588153873,0.8485723059943943,0.6814776599720342,0.918907416955496,0.7292512098204696,0.8187651872930447,0.9131727046117748,0.811783222886568,0.8137702470450003,0.6550472148646261,0.7162897556236838,0.8492817010738479,0.8785211122849678,0.8690251594924207,0.9414830023751906,0.8708967510561227,0.970625832984844,0.7502131046148343,0.7910759393861673,0.8704134756180755,0.4667933885273645,0.7966523779002388,0.46246988256418664,0.7543222387983135,0.9842231013149105,0.45914953127557717,0.14281394021377253,0.02981168005344234,0.32648879068351855,0.0,0.0,N
0.75,0.46601941747572817,0.4687814752813076,0.8724030896556291,0.8175109118416188,0.8318896086078568,0.7166929453515153,0.868016668333515,0.7001518586769238,0.8088552551954304,0.8974132249321749,0.7982239402468785,0.7978689952049733,0.6631171538347352,0.6938342473277137,0.8346112630785008,0.884239091196793,0.8681216834417174,0.8220430811857098,0.8331774520403498,0.8819858784731067,0.7351896045095919,0.6792699064407577,0.8570378921346995,0.5399716275316856,0.7178450435878931,0.48577366681450307,0.6828014720023702,0.9903521797058024,0.6950864156691362,0.03499322977242458,0.0,0.20485500569475582,0.10513640177378808,0.0410890666155475,Y
0.75,0.737864077669903,0.6588342866909673,0.8416159914658973,0.9199927974546612,0.9351667589475364,0.8182757678650185,0.7970164349330895,0.8501375717302895,0.894025682588746,0.9193965936225568,0.9029459730189354,0.9227879438955812,0.7133519637426429,0.7351821838045248,0.8603266796858265,0.9183776287960335,0.8995246817126311,0.8707718155943638,0.8829086530899017,0.8072976171505782,0.8457418101442821,0.7615524867505258,0.8993459115360599,0.5693862733804096,0.6861677326738824,0.5023975885943645,0.711470606510257,0.9865731941828386,0.5183406220205934,0.1262884257815851,0.40877905992921065,0.38401305880537917,0.1607142857142857,0.0,Y
0.75,0.5825242718446603,0.2978490464795673,0.6160434127735339,0.8566259364900506,0.8699543556432855,0.9394907337997722,0.8563349853227822,0.6506006049606436,0.8428499932461511,0.831989556351631,0.7865689192888246,0.7911411190875647,0.6397067032276021,0.7269009979418036,0.7353036265537467,0.8317206172917927,0.8004077024783868,0.8304456326453039,0.9036408748606741,0.7840180120320271,0.970178885585498,0.8190925786858959,0.8067118193432031,0.7477800105092639,0.49405140038127004,0.6765372757364827,0.5245785813452937,0.9870944051252349,0.5808864709126803,0.14110941663888754,0.5128834955667263,0.5905168754791772,0.0,0.0,Y
0.75,0.6213592233009709,0.7181086007745187,0.5518000373192895,0.7179457835206747,0.7451789437725937,0.6184337924327155,0.7633315479796403,0.5357790129142291,0.7302970968740591,0.8390422894338275,0.6911587860705568,0.6891845035811316,0.6284623350483112,0.638749916813992,0.7833964299349557,0.823197591679059,0.81027154640812,0.8352676075470173,0.7756808970219845,0.784857688273745,0.6615801638721177,0.7329935236577044,0.7899277676886056,0.3366643100285797,0.8033616650050316,0.3615407715213494,0.7287221691192334,0.8797034834476402,0.4812114790163061,0.44597550610490383,0.1854215838100401,0.26375762832289107,0.07826366574499032,0.07740569255583093,Y
0.75,0.5048543689320388,0.43923303910619715,0.6749375634912681,0.8496623609819253,0.8717210729169167,0.7210688536963605,0.8869547758780926,0.8451037390671767,0.8744707401320092,0.900826180473072,0.793560823660771,0.7997359238110952,0.6472603858398532,0.6921831322588158,0.7872510556509992,0.8175990776419824,0.807743086285222,0.871307890223559,0.8830334133852135,0.8959734437535709,0.7735666324235151,0.7773855768850927,0.8571480272137756,0.6509622919049511,0.5983166358012992,0.6041206578535581,0.6022983050559014,0.9816328279230552,0.5522186775957175,0.14487257732903663,0.23786616284290713,0.647241872551189,0.1751917480788239,0.11783701642503432,Y
0.75,0.46601941747572817,0.5744967681835713,0.6931031454489852,0.8770309985052583,0.9330775200253477,0.8166196072536706,0.8150749468878649,0.6456392102011059,0.8626857670987965,0.8841019047755785,0.882106225348726,0.8908407859845973,0.7703584034291459,0.7725099469458269,0.7577107803197334,0.8669166774089153,0.8314503666840175,0.9274898842733766,0.854976900534328,0.779549713332916,0.8360987465295683,0.6138095212875008,0.8745805759050009,0.5764887747720007,0.6785188850213999,0.5544070571656896,0.6091420235034054,0.987649288384748,0.7018731978798973,0.6755223070645149,0.30593695961083606,0.09364269513215043,0.14803936302646695,0.04346778675035731,N
0.875,0.0,0.0,0.0,0.0,0.0,0.0,0.0,0.0,0.0,0.0,0.0,0.0,0.0,0.0,0.0,0.0,0.0,0.0,0.0,0.0,0.0,0.0,0.0,0.0,0.0,0.0,0.0,0.0,0.0,0.2776526552482854,0.29349970366106437,0.2817170933898676,0.0,0.0,N
0.875,0.3106796116504855,0.5133236724568252,0.5134185222139452,0.595085827372119,0.5492323174534102,0.5191328114323803,0.5607572301659712,0.46486834745098665,0.5540503896907862,0.630952961485434,0.5432061287994759,0.5353107555780054,0.5452369277716996,0.5156000608269258,0.5958118638381686,0.6436659354411971,0.6281245826556555,0.6446156267376161,0.5537565859192508,0.5268502534407365,0.5729468467538051,0.5131191935474716,0.6049445387754522,0.24381661626752507,0.5794699838730908,0.18510786379298405,0.5588827811226559,0.643904631677222,0.16110147043745113,0.08458590402253666,0.27489545991041586,0.5016682166436682,0.0,0.0,N
0.875,0.6601941747572816,0.23064366752336396,0.7071540720977402,0.9263525771886069,0.7467686860922572,0.7423706155928325,0.7974707765877416,0.8243795731065181,0.853057706237511,0.8808248675079324,0.6703214184284598,0.6759515261258143,0.6525162541767294,0.7026197058871184,0.7906495912927578,0.877067420578664,0.8490018887042986,0.8606710200046794,0.8027437348114216,0.7805006205702828,0.7435017408255026,0.5201171127258202,0.8166196385006421,0.7126844867466929,0.4552393857944476,0.6259415666658029,0.4410317442950288,0.9305506978191034,0.4699611140872492,0.6438945258306985,0.48421857956919273,0.2141092564822181,0.24084859661353186,0.14878560084046527,Y
0.875,0.6990291262135923,0.28284597679014234,0.5489771555325359,0.8946677751080867,0.9168581935641664,0.6975583011025922,0.9339101606109459,0.8145561880908507,0.8843680606042437,0.8723092417924282,0.8564755368657927,0.8511971435215724,0.8083155520107734,0.87949036751454,0.7641515720493705,0.8840305043116943,0.845097959693591,0.8484964260635083,0.9900868907744217,0.9113774584980229,0.8248071924393522,0.7315947957740926,0.8637399236917729,0.7539855614770866,0.49071100089699043,0.7155429315040439,0.425112454138797,0.9893207050453843,0.6212537463899372,0.5073067738664347,0.5032965337775273,0.28275741785711206,0.25170537393954046,0.1764319564226172,Y
0.875,0.5048543689320388,0.4988283754149535,0.5416383717303803,0.8469755050930465,0.7971564315553552,0.7968144480432702,0.9286120067183252,0.6388837149370546,0.8474348565141345,0.9004740970496592,0.7771191597572904,0.7644552765375322,0.7620431978306907,0.8170688314175892,0.7937827867139627,0.8540535606185221,0.834479690965828,0.9178349456701712,0.9000272823361837,0.9099008444593053,0.8346022885288163,0.7655508402442166,0.8624790566055351,0.5761074994764784,0.6822719907437993,0.5854354894885606,0.6397704666239811,0.9879621479149894,0.5456615790041892,0.09768422571238847,0.13519157355205075,0.5930031932994223,0.1018845439118306,0.06468900902279447,N
0.875,0.5048543689320388,0.37121321026128673,0.7817962912601051,0.832876397260031,0.8360819726326308,0.9504185052775486,0.9012204405965953,0.7215454866874064,0.8322057701073576,0.8652130581658762,0.7292365830031506,0.7452033962002145,0.6388084904110412,0.6971881907681392,0.782255006736499,0.882645374565482,0.850042043846978,0.8176475422592475,0.8742907721397175,0.8582003621431277,0.9258132572405834,0.729200531030255,0.8174346985754828,0.7022476056526815,0.5464287994771192,0.6454879548811925,0.5002975923964745,0.9911192154270422,0.5272019854753796,0.46224600387383125,0.8928789877357903,0.5540526714616334,0.0952389365665417,0.0,Y
0.875,0.6213592233009709,0.4809015498664494,0.6312099631326544,0.9467972065685909,0.9358374452455289,0.7921245570709637,0.9029009837911323,0.7793748379279656,0.8791311093905347,0.8989123057978646,0.9108178321860294,0.9169407889438654,0.8372290149534369,0.8609396255625699,0.8188551421974558,0.9050225866011768,0.8770383711050389,0.9686082809061063,0.8420121043862531,0.908801180216582,0.8633028058748616,0.7729623417844121,0.8965850726993719,0.6375062877817261,0.6161502187227633,0.620342879403132,0.6023067907587948,0.9911183821407272,0.5961759300107626,0.1541330554918141,0.46145492848778885,0.39066093426062365,0.10700593132802953,0.3034872114412058,Y
0.875,0.46601941747572817,0.7415148234570804,0.7140672365742391,0.893536470842786,0.8839850276168837,0.6956622652370403,0.929781276938949,0.6720963074307057,0.8619003075860115,0.9488421057953021,0.8875002042733523,0.8736890095209924,0.6818083215962738,0.7240593656345548,0.8200581224617851,0.9029190951220132,0.8760087076643194,0.9427729223517188,0.8661903300808994,0.9482318584710763,0.7898802838916154,0.8318524606645347,0.9141166705502768,0.4228443108450205,0.847324655423831,0.45285378562792084,0.7820611962157615,0.9886800953173529,0.4671725250561971,0.15557980820766987,0.03749161583596894,0.40216553478637995,0.059523809523809514,0.0,N
0.875,0.5825242718446603,0.48129418589625905,0.9084926511534591,0.8183578546423218,0.8239534607009209,0.7783331749706279,0.9337591212498735,0.6893119888306329,0.8245507862744522,0.911753297691142,0.7859625804038042,0.7825174028718467,0.7366480924838539,0.792475953182094,0.8699804648861413,0.9237592251335178,0.9062937377178003,0.8336762399516608,0.8238354450320498,0.9503132918163346,0.8021106732207376,0.6869605650340528,0.8702969008688141,0.5525798990422485,0.707609406596047,0.5107538348639544,0.6448983606767714,0.9909018700574983,0.6511491365662799,0.39870592909496744,0.4721022549294684,0.11934269325829053,0.11511805525091008,0.05495039244468709,Y
0.875,0.46601941747572817,0.44486793158951876,0.9780666546133171,1.0,0.9069036168276892,0.8343715003001297,0.8060527529875333,0.9029379652381883,0.9617898252708308,0.9663943413169905,0.9133814976028474,0.9050750209440513,0.9453352222345595,0.9279059160714027,0.9509514066116119,0.9950446666337605,0.980724695803411,0.9426242370155596,0.8942093882510839,0.8043726560127056,0.8895847144739617,0.7216573866812231,0.9531355505383012,0.6704074576491096,0.5807181896348121,0.6744930427288399,0.5441911833803584,0.9886375413830891,0.5193104498006713,0.5318304241359655,0.3471852019816977,0.1999327311305191,0.0,0.0,N
0.875,0.5436893203883495,0.328771954072658,0.6225572685833977,0.8661051940213981,0.8594019992321117,0.9552926568621428,0.9260836758079943,0.6398204184282222,0.8609780230599786,0.860761958477018,0.8057617741753862,0.8006184695859074,0.7154773166315614,0.7854250554547295,0.7419781974707199,0.8362835894571169,0.8056564491252037,0.8608265760901874,0.9093013616483366,0.8298477373162901,0.9988898971518572,0.8340336969711021,0.837146384256727,0.7200404883613526,0.5272672334831657,0.6689940628361598,0.550092856372602,0.9947526657257123,0.5743250025266184,0.665136695451702,0.5763747829189969,0.10930900228286419,0.18095238095238098,0.06468900902279447,Y
0.875,0.7766990291262137,0.5304857867357036,0.664995655307454,0.8027203251654141,0.7904314556378674,0.7122137541633792,0.834534131591944,0.6427990588610342,0.7921289109219625,0.8702731266481455,0.759698065492336,0.7513310445421337,0.6390908957323288,0.6731209454528537,0.822657802073415,0.8584742666477586,0.8468423136532826,0.8462914291545652,0.7952568831083592,0.8080106085461465,0.7715161372295732,0.7727066810476249,0.8276601574715297,0.4880189110566011,0.6971869288453155,0.5022197784329999,0.6488364783171967,0.9260530314302323,0.49254967941891653,0.4403676919366805,0.22891460339918368,0.2752461862758693,0.12047708380619611,0.08507405704317467,Y
0.875,0.6990291262135923,0.46358907141284084,0.7819029105501671,0.859304581467826,0.8488734365824683,0.724213936642463,0.8917103058391238,0.8801207687884938,0.9090826913257397,0.9410376401824768,0.7877411560798215,0.7674056644478588,0.7360762304431837,0.7524696432442373,0.7975681862266918,0.8480599751824763,0.8316619827306638,0.9181491517052668,0.8718608259185591,0.8943019980608071,0.7819977567534855,0.7384474297395468,0.891189856464184,0.6333990049966328,0.6205734463374792,0.603634448901163,0.6202387881402566,0.9842266204486946,0.5460037756621092,0.12243444263561232,0.24301240805763047,0.7227714511029417,0.08555871022314326,0.0,Y
0.875,0.2330097087378641,0.5947389907271755,0.7272146144417496,0.8356248935671537,0.9609541269310824,0.8297573650710278,0.8743249741747782,0.7160515083589378,0.8810332431570211,0.9054035225824859,0.9309434893369667,0.927738148261226,0.7741178862767472,0.7954836511721941,0.8287952247342371,0.9077320393899838,0.8820960831748342,0.9236656696317853,0.9191162774560856,0.8035159927858058,0.8735122362721975,0.6185253026670997,0.9004940541556018,0.5744605924456517,0.6840455829308435,0.5079415808653802,0.6479165574686542,0.9921837358884981,0.6320283183052697,0.19301251017973642,0.33131223161006956,0.5679011858967614,0.16326530612244897,0.0,N
1.0,0.5436893203883495,0.34815330662957134,0.35069227248977514,0.32090185672310767,0.4161892728772499,0.3415617638190287,0.39788949329093865,0.34890597889575836,0.35433590517906716,0.40924473634886205,0.44031624075636105,0.4482093833114062,0.3049310354602193,0.3187505691299967,0.389537020114692,0.40367646032726995,0.39908445757447103,0.455055774495068,0.3847783617455705,0.4044122718694786,0.3583188793434389,0.32382436624260164,0.4076976592069896,0.0568413561844198,0.4591032614895445,0.04361647214255303,0.4212947576021703,0.3931562785025671,0.22273077470289995,0.10058442422247305,0.10661937908310665,0.5925690694866727,0.01904761904761905,0.0,Y
1.0,0.46601941747572817,0.557758509835572,0.5091113837530415,0.7157347003638853,0.6648002391243758,0.6349616866928457,0.6899008621169855,0.6460076856414219,0.6792658424902221,0.7499994854875524,0.6551997460638077,0.6421170429991807,0.6296782086026756,0.6330085507722458,0.7142821128198606,0.7585292140906164,0.7441592809260812,0.7413968244792627,0.6943511218315866,0.6498837805645383,0.6783863269422733,0.6086128263908236,0.7196867155029232,0.3173286149181877,0.6855806907048511,0.3295377503769906,0.5705618376450486,0.7837382883306262,0.19490670657429618,0.14742663738237105,0.2019554616680701,0.47436916870300627,0.0779220779220779,0.0,N
1.0,0.46601941747572817,0.23834534884446365,0.8181145459959919,0.9536760241766801,0.7785104536857481,0.6998646989795183,0.8069314410205684,0.7347047852505862,0.8897848044917898,0.9157865731878367,0.7096889615986219,0.7184981548526488,0.6747708147532195,0.7379955085069354,0.8257674715320937,0.920554734340808,0.8897710989773161,0.8867876298570265,0.8559288505710224,0.7986956644967246,0.7663887852949922,0.5644943520916258,0.8515284536436497,0.7275319374069424,0.473049163900086,0.6603930628020049,0.4293866972108828,0.9548907635731859,0.48769544227841877,0.6918249978463389,0.4715737494339333,0.2868376303277135,0.236609635767033,0.11636835846854567,N
1.0,0.5436893203883495,0.22004072106709935,0.6096912706558375,0.9326415533024462,0.9305939635212559,0.7531797096506955,0.8951218226776403,0.780388793448042,0.9061201103373236,0.8771608890660757,0.8807857671236319,0.8738164249315072,0.8678590809272957,0.9206865473719062,0.7748418311897213,0.8878370483106367,0.85114009706848,0.856837447449382,1.0,0.847493202236592,0.8619698162996586,0.7280762832106662,0.8772094661407918,0.7666100874865938,0.4791035539936155,0.7797676942004113,0.34958573241477037,0.991716935291785,0.6303347948036786,0.18144581957420486,0.39097401174098917,0.5885399469290364,0.2558104409656135,0.2552051208129139,Y
1.0,0.6990291262135923,0.4224561207729901,0.8589523169070491,0.8276034026728439,0.8835263047420956,0.9605587624557554,0.9351559716504176,0.839869037742428,0.8468859521748879,0.8805564962233512,0.7892588730218616,0.7933961284938001,0.6239687095905684,0.6832932714463498,0.7993418956358432,0.9206427521645594,0.8812484155626594,0.8096557029296422,0.875688172758442,0.9002708353260492,0.9457803540354701,0.7532172684814287,0.8401238978347582,0.6644064254585453,0.5891690361776677,0.6503539124434288,0.48847655135301826,0.9971202359538697,0.5237204344467549,0.40541175097034804,0.740566036778566,0.4679653800155147,0.13809880253813522,0.06162107628489695,Y
1.0,0.5436893203883495,0.43876443585136277,0.6644824854532173,0.9698993876092524,0.9362702110695251,0.777760563061272,0.9516003204958411,0.9999999999999999,0.892619271762203,0.8996363840471263,0.912857356567746,0.9187720652611123,0.8320825350306107,0.8657046215123293,0.8417789160640811,0.9037471284924867,0.8836219893229647,0.9245010536902696,0.8869927168816798,0.9424791209775218,0.8538514151945829,0.8061493117579906,0.8971274863103531,0.6680560148885669,0.585238709099183,0.635213798306096,0.5498973614679401,1.0,0.6136124993338998,0.220570528796334,0.353887254774328,0.5699921487990223,0.1512286562827452,0.14964284223420096,Y
1.0,0.38834951456310673,0.7946271727135943,0.6721479015883506,0.9013051244473207,0.9249176577393323,0.7891904187398263,0.8765323250836494,0.7265542991775206,0.9058761408111621,0.9644087608743552,0.9312414441543471,0.9210479543409442,0.695953586024411,0.7445549399702577,0.83376051698336,0.9463990979577149,0.9098179698416604,0.9581764931417073,0.9179806106529965,0.8944701822772777,0.8454109597557435,0.839191071328979,0.9357223953927256,0.4819644269996184,0.7856450345180505,0.4471339108997562,0.7517504348657471,0.9927713503321248,0.46791802158752427,0.5214853609399415,0.23144768272340427,0.2693490810812875,0.0,0.0,N
1.0,0.3495145631067961,0.4390008461302237,0.9610409711592091,0.852125852476062,0.838578339413998,0.8161966578350138,0.929250718668879,0.7025208608106809,0.8562600697996288,0.9218974791062626,0.8078507314150549,0.8002394274593294,0.7520203014065899,0.7851143248727237,0.8657621119070894,0.9407256523090523,0.9163800786010385,0.8319471883995262,0.8272885669101321,0.943991996644668,0.840000714073254,0.6770355464424204,0.8834232647139211,0.6027106048855644,0.6556106891024164,0.5474208470975737,0.598947457524019,0.9941091042467072,0.6343186449110884,0.47167164532002154,0.45854499258777986,0.14386847317367094,0.14050651654080856,0.09903103229838882,N
1.0,0.737864077669903,0.5662767756761812,1.0,0.9673646525727613,0.961199767451004,0.780427107201292,0.8134406936253872,0.9269735956900644,1.0,0.9999999999999999,1.0,1.0,1.0,0.9999999999999999,1.0,1.0,1.0,1.0,0.9184212499183697,0.7895872649703947,0.8549855931599671,0.7462588622671744,1.0,0.6310247987643182,0.6251184803099121,0.5805852362994105,0.6085264009065315,0.9884253294963393,0.5409081046688184,0.5283640687971534,0.39479790349655025,0.2755305305050795,0.126984126984127,0.0,Y
1.0,0.3106796116504855,0.3969017945038857,0.6317098365734657,0.8300003425811633,0.8782220564974201,0.9575012286901845,0.9507973640250671,0.5744380919410248,0.8742779779291913,0.9049172681088106,0.789293590245598,0.785749503099839,0.7605474131186644,0.8170616989753423,0.7459483851427426,0.8618914379660253,0.824237131308339,0.9048440197510882,0.9497681908927796,0.8479764177009144,1.0,1.0,0.8681361486617744,0.6893300461281832,0.5623282139180577,0.5990824788011224,0.588674595911091,0.9906671772245773,0.5648939551922786,0.7174132588262907,0.6531965582425774,0.11981386017792886,0.1680505544630838,0.06468900902279447,N
1.0,0.4271844660194174,0.36914725251475694,0.7164930697590856,0.8753223089883021,0.7906832931574507,0.7548131379440395,0.8547448109598148,0.7555987208060502,0.8329630367714934,0.888849944010281,0.7628551023233222,0.7619319728194248,0.6312301682309734,0.7119794981044317,0.8732109579862953,0.8986135841224389,0.8903636868569356,0.8422040712428056,0.8318110219907415,0.8491781659048401,0.8017792705271056,0.7286641838036862,0.8407579306231975,0.6348894509264132,0.5728179954945022,0.5204741659843714,0.624723903843207,0.9521826713847745,0.5103879820031845,0.4604952693017971,0.2089181238976941,0.3167206557050335,0.18345842291930725,0.09805341209710909,Y
1.0,0.6213592233009709,0.3786042240159035,0.7364501507085645,0.863083276443155,0.8687455932335861,0.758443186909553,0.8898421634305571,0.8739217722393253,0.8959710069277648,0.9141034412860125,0.8063277204090136,0.7940699640731459,0.7481302675488605,0.7953140151512139,0.8027336378065184,0.8657115966646711,0.8452585266637074,0.8841397885387237,0.8821750427597126,0.8815667824345212,0.7997870742306272,0.722535927127581,0.8773104995828027,0.6940036548618469,0.557295096820266,0.6469617128215189,0.537289141186366,0.9843293347691898,0.5501053200925722,0.07922542872203339,0.2460735125934656,0.5556964051179342,0.24158787399046266,0.06468900902279447,Y
1.0,0.46601941747572817,0.6565157150345794,0.7076268465183531,0.8181702288918655,0.9743986662002837,0.7884350488631796,0.9538527443355552,0.6596509818609253,0.8616030597039616,0.9200921848708273,0.9256237037196368,0.9296674783911163,0.785218387077474,0.8142286270363394,0.796279001388856,0.9142556628662564,0.8759409102222067,0.9167339356236988,0.9286479699070788,0.8934359162974067,0.8644696225638775,0.725244146620814,0.9105267720132643,0.4879921488628885,0.7791536417422211,0.43668637906111485,0.7177910670798857,0.9905605304668803,0.6241685343997567,0.39810520017264056,0.5774560500912158,0.21423266392239224,0.0,0.0,Y
